Date,Total_Quantity,Invoice_Count,SKU_Count,Rolling_7_Day_Demand,Rolling_30_Day_Demand,Year,Month,Week_Of_Year,Day_Of_Week,Is_Weekend,Total_Quantity_raw
01-12-2009,26098,119,1328,26098,26098,2009,12,49,1,FALSE,26098
02-12-2009,31804,115,1392,28951,28951,2009,12,49,2,FALSE,31804
03-12-2009,49221,124,1321,35707.66667,35707.66667,2009,12,49,3,FALSE,49221
04-12-2009,21210,89,1252,32083.25,32083.25,2009,12,49,4,FALSE,21210
05-12-2009,5119,30,285,26690.4,26690.4,2009,12,49,5,TRUE,5119
06-12-2009,11533,74,966,24164.16667,24164.16667,2009,12,49,6,TRUE,11533
07-12-2009,17955,101,1338,23277.14286,23277.14286,2009,12,50,0,FALSE,17955
08-12-2009,23143,109,1129,22855,23260.375,2009,12,50,1,FALSE,23143
09-12-2009,17840,88,1297,20860.14286,22658.11111,2009,12,50,2,FALSE,17840
10-12-2009,23579,92,1212,17197,22750.2,2009,12,50,3,FALSE,23579
11-12-2009,21268,70,840,17205.28571,22615.45455,2009,12,50,4,FALSE,21268
12-12-2009,0,0,0,16474,20730.83333,2009,12,50,5,TRUE,0
13-12-2009,12517,71,978,16614.57143,20099,2009,12,50,6,TRUE,12517
14-12-2009,45332,90,1584,20525.57143,21901.35714,2009,12,51,0,FALSE,45332
15-12-2009,27064,98,1025,21085.71429,22245.53333,2009,12,51,1,FALSE,27064
16-12-2009,24891,98,1420,22093,22410.875,2009,12,51,2,FALSE,24891
17-12-2009,15413,104,1037,20926.42857,21999.23529,2009,12,51,3,FALSE,15413
18-12-2009,17402,68,1119,20374.14286,21743.83333,2009,12,51,4,FALSE,17402
19-12-2009,0,0,0,20374.14286,20599.42105,2009,12,51,5,TRUE,0
20-12-2009,6245,34,464,19478.14286,19881.7,2009,12,51,6,TRUE,6245
21-12-2009,8771,41,454,14255.14286,19352.61905,2009,12,52,0,FALSE,8771
22-12-2009,14478,45,1024,12457.14286,19131.04545,2009,12,52,1,FALSE,14478
23-12-2009,4578,22,369,9555.285714,18498.30435,2009,12,52,2,FALSE,4578
24-12-2009,0,0,0,7353.428571,17727.54167,2009,12,52,3,FALSE,0
25-12-2009,0,0,0,4867.428571,17018.44,2009,12,52,4,FALSE,0
26-12-2009,0,0,0,4867.428571,16363.88462,2009,12,52,5,TRUE,0
27-12-2009,0,0,0,3975.285714,15757.81481,2009,12,52,6,TRUE,0
28-12-2009,0,0,0,2722.285714,15195.03571,2009,12,53,0,FALSE,0
29-12-2009,0,0,0,654,14671.06897,2009,12,53,1,FALSE,0
30-12-2009,0,0,0,0,14182.03333,2009,12,53,2,FALSE,0
31-12-2009,0,0,0,0,13312.1,2009,12,53,3,FALSE,0
01-01-2010,0,0,0,0,12251.96667,2010,1,53,4,FALSE,0
02-01-2010,0,0,0,0,10611.26667,2010,1,53,5,TRUE,0
03-01-2010,0,0,0,0,9904.266667,2010,1,53,6,TRUE,0
04-01-2010,10646,29,479,1520.857143,10088.5,2010,1,1,0,FALSE,10646
05-01-2010,11296,36,620,3134.571429,10080.6,2010,1,1,1,FALSE,11296
06-01-2010,7459,14,249,4200.142857,9730.733333,2010,1,1,2,FALSE,7459
07-01-2010,40614,47,656,10002.14286,10313.1,2010,1,1,3,FALSE,40614
08-01-2010,12695,45,500,11815.71429,10141.6,2010,1,1,4,FALSE,12695
09-01-2010,0,0,0,11815.71429,9355.633333,2010,1,1,5,TRUE,0
10-01-2010,13383,34,487,13727.57143,9092.8,2010,1,1,6,TRUE,13383
11-01-2010,13980,56,1067,14203.85714,9558.8,2010,1,2,0,FALSE,13980
12-01-2010,21264,39,766,15627.85714,9850.366667,2010,1,2,1,FALSE,21264
13-01-2010,8835,30,902,15824.42857,8633.8,2010,1,2,2,FALSE,8835
14-01-2010,13784,58,1038,11991.57143,8191.133333,2010,1,2,3,FALSE,13784
15-01-2010,8419,46,430,11380.71429,7642.066667,2010,1,2,4,FALSE,8419
16-01-2010,0,0,0,11380.71429,7128.3,2010,1,2,5,TRUE,0
17-01-2010,9911,40,683,10884.71429,6878.6,2010,1,2,6,TRUE,9911
18-01-2010,10333,40,1002,10363.71429,7223.033333,2010,1,3,0,FALSE,10333
19-01-2010,15274,47,1065,9508,7524,2010,1,3,1,FALSE,15274
20-01-2010,9477,37,761,9599.714286,7547.533333,2010,1,3,2,FALSE,9477
21-01-2010,57628.5,48,732,18044.85714,9494.933333,2010,1,3,3,FALSE,72900
22-01-2010,18573,45,862,19495.42857,9961.433333,2010,1,3,4,FALSE,18573
23-01-2010,0,0,0,19495.42857,9961.433333,2010,1,3,5,TRUE,0
24-01-2010,8846,50,705,19343.28571,10256.3,2010,1,3,6,TRUE,8846
25-01-2010,10038,57,905,19301.14286,10590.9,2010,1,4,0,FALSE,10038
26-01-2010,22968,93,814,20400.28571,11356.5,2010,1,4,1,FALSE,22968
27-01-2010,17837,56,870,21594.57143,11951.06667,2010,1,4,2,FALSE,17837
28-01-2010,11243,56,717,12786.42857,12325.83333,2010,1,4,3,FALSE,11243
29-01-2010,10162,49,689,11584.85714,12664.56667,2010,1,4,4,FALSE,10162
30-01-2010,0,0,0,11584.85714,12664.56667,2010,1,4,5,TRUE,0
31-01-2010,10735,53,793,11854.71429,13022.4,2010,1,4,6,TRUE,10735
01-02-2010,9251,66,833,11742.28571,13330.76667,2010,2,5,0,FALSE,9251
02-02-2010,11094,46,734,10046,13700.56667,2010,2,5,1,FALSE,11094
03-02-2010,10285,49,856,8967.142857,13688.53333,2010,2,5,2,FALSE,10285
04-02-2010,12798,64,819,9189.285714,13738.6,2010,2,5,3,FALSE,12798
05-02-2010,10342,40,612,9215,13834.7,2010,2,5,4,FALSE,10342
06-02-2010,0,0,0,9215,12480.9,2010,2,5,5,TRUE,0
07-02-2010,11186,30,543,9279.428571,12430.6,2010,2,5,6,TRUE,11186
08-02-2010,8616,60,784,9188.714286,12717.8,2010,2,6,0,FALSE,8616
09-02-2010,10891,54,667,9159.714286,12634.73333,2010,2,6,1,FALSE,10891
10-02-2010,3761,31,615,8227.714286,12294.1,2010,2,6,2,FALSE,3761
11-02-2010,9035,56,511,7690.142857,11886.46667,2010,2,6,3,FALSE,9035
12-02-2010,7652,32,571,7305.857143,11847.03333,2010,2,6,4,FALSE,7652
13-02-2010,0,0,0,7305.857143,11387.56667,2010,2,6,5,TRUE,0
14-02-2010,10895,46,706,7264.285714,11470.1,2010,2,6,6,TRUE,10895
15-02-2010,57628.5,45,567,19808.42857,14684.26667,2010,2,7,0,FALSE,96425
16-02-2010,16711,61,1051,20639.85714,14910.93333,2010,2,7,1,FALSE,16711
17-02-2010,25014,49,648,23676,15400.3,2010,2,7,2,FALSE,25014
18-02-2010,19853,63,773,25221.42857,15552.93333,2010,2,7,3,FALSE,19853
19-02-2010,12611,58,921,25929.85714,15657.4,2010,2,7,4,FALSE,12611
20-02-2010,0,0,0,25929.85714,13227.4,2010,2,7,5,TRUE,0
21-02-2010,5555,37,584,25167,12793.46667,2010,2,7,6,TRUE,5555
22-02-2010,13427,48,666,13310.14286,13241.03333,2010,2,8,0,FALSE,13427
23-02-2010,11873,47,733,12619,13341.93333,2010,2,8,1,FALSE,11873
24-02-2010,22454,63,782,12253.28571,13755.8,2010,2,8,2,FALSE,22454
25-02-2010,26312,67,856,13176,13867.26667,2010,2,8,3,FALSE,26312
26-02-2010,7419,36,684,12434.28571,13520,2010,2,8,4,FALSE,7419
27-02-2010,0,0,0,12434.28571,13145.23333,2010,2,8,5,TRUE,0
28-02-2010,8419,53,736,12843.42857,13087.13333,2010,2,8,6,TRUE,8419
01-03-2010,21448,58,777,13989.28571,13802.06667,2010,3,9,0,FALSE,21448
02-03-2010,11897,55,929,13992.71429,13840.8,2010,3,9,1,FALSE,11897
03-03-2010,20381,63,1014,13696.57143,14211.8,2010,3,9,2,FALSE,20381
04-03-2010,18546,74,989,12587.14286,14460.2,2010,3,9,3,FALSE,18546
05-03-2010,18260,81,771,14135.85714,14726.03333,2010,3,9,4,FALSE,18260
06-03-2010,0,0,0,14135.85714,14299.43333,2010,3,9,5,TRUE,0
07-03-2010,10927,58,1076,14494.14286,14318.93333,2010,3,9,6,TRUE,10927
08-03-2010,15620,76,1042,13661.57143,14839.6,2010,3,10,0,FALSE,15620
09-03-2010,12353,57,736,13726.71429,14878.5,2010,3,10,1,FALSE,12353
10-03-2010,18013,61,924,13388.42857,15191.73333,2010,3,10,2,FALSE,18013
11-03-2010,14179,48,839,12764.57143,15301.33333,2010,3,10,3,FALSE,14179
12-03-2010,11029,36,646,11731.57143,15543.6,2010,3,10,4,FALSE,11029
13-03-2010,0,0,0,11731.57143,15242.43333,2010,3,10,5,TRUE,0
14-03-2010,4927,24,447,10874.42857,15151.6,2010,3,10,6,TRUE,4927
15-03-2010,15166,57,958,10809.57143,15657.13333,2010,3,11,0,FALSE,15166
16-03-2010,12845,45,780,10879.85714,15722.13333,2010,3,11,1,FALSE,12845
17-03-2010,57628.5,48,768,19572.14286,15136.6,2010,3,11,2,FALSE,78859
18-03-2010,23659,86,840,20926.42857,15368.2,2010,3,11,3,FALSE,23659
19-03-2010,13368,62,746,21260.57143,14980,2010,3,11,4,FALSE,13368
20-03-2010,0,0,0,21260.57143,14318.23333,2010,3,11,5,TRUE,0
21-03-2010,12281,56,795,22311.14286,14307.23333,2010,3,11,6,TRUE,12281
22-03-2010,12821,56,859,21976.14286,14734.6,2010,3,12,0,FALSE,12821
23-03-2010,54452,71,745,27920,16364.5,2010,3,12,1,FALSE,54452
24-03-2010,14409,73,843,18712.85714,16397.23333,2010,3,12,2,FALSE,14409
25-03-2010,17094,85,939,17775,16571.26667,2010,3,12,3,FALSE,17094
26-03-2010,20924,62,876,18854.42857,16520.26667,2010,3,12,4,FALSE,20924
27-03-2010,0,0,0,18854.42857,15643.2,2010,3,12,5,TRUE,0
28-03-2010,14517,59,902,19173.85714,15879.8,2010,3,12,6,TRUE,14517
29-03-2010,25151,85,1024,20935.28571,16718.16667,2010,3,13,0,FALSE,25151
30-03-2010,19258,70,987,15907.57143,17079.46667,2010,3,13,1,FALSE,19258
31-03-2010,13642,75,946,15798,16819.26667,2010,3,13,2,FALSE,13642
01-04-2010,17291,79,903,15826.14286,16999.06667,2010,4,13,3,FALSE,17291
02-04-2010,0,0,0,12837,16319.7,2010,4,13,4,FALSE,0
03-04-2010,0,0,0,12837,15701.5,2010,4,13,5,TRUE,0
04-04-2010,0,0,0,10763.14286,15092.83333,2010,4,13,6,TRUE,0
05-04-2010,0,0,0,7170.142857,15092.83333,2010,4,14,0,FALSE,0
06-04-2010,13022,55,689,6279.285714,15162.66667,2010,4,14,1,FALSE,13022
07-04-2010,23528,61,822,7691.571429,15426.26667,2010,4,14,2,FALSE,23528
08-04-2010,26803,86,1015,9050.428571,15907.93333,2010,4,14,3,FALSE,26803
09-04-2010,9120,51,595,10353.28571,15611.5,2010,4,14,4,FALSE,9120
10-04-2010,0,0,0,10353.28571,15138.86667,2010,4,14,5,TRUE,0
11-04-2010,11585,42,662,12008.28571,15157.4,2010,4,14,6,TRUE,11585
12-04-2010,12839,46,587,13842.42857,15585.36667,2010,4,15,0,FALSE,12839
13-04-2010,14446,52,728,14045.85714,15902.66667,2010,4,15,1,FALSE,14446
14-04-2010,16329,45,616,13017.42857,15941.43333,2010,4,15,2,FALSE,16329
15-04-2010,10769,74,653,10726.85714,15872.23333,2010,4,15,3,FALSE,10769
16-04-2010,14865,42,582,11547.57143,13739.1,2010,4,15,4,FALSE,14865
17-04-2010,0,0,0,11547.57143,12950.46667,2010,4,15,5,TRUE,0
18-04-2010,12961,54,751,11744.14286,12936.9,2010,4,15,6,TRUE,12961
19-04-2010,19363,74,1247,12676.14286,13582.33333,2010,4,16,0,FALSE,19363
20-04-2010,13464,68,827,12535.85714,13621.76667,2010,4,16,1,FALSE,13464
21-04-2010,13264,66,727,12098,13636.53333,2010,4,16,2,FALSE,13264
22-04-2010,21576,79,755,13641.85714,12540.66667,2010,4,16,3,FALSE,21576
23-04-2010,10212,57,660,12977.14286,12400.76667,2010,4,16,4,FALSE,10212
24-04-2010,0,0,0,12977.14286,11830.96667,2010,4,16,5,TRUE,0
25-04-2010,8380,46,729,12322.71429,11412.83333,2010,4,16,6,TRUE,8380
26-04-2010,19555,99,915,12350.14286,12064.66667,2010,4,17,0,FALSE,19555
27-04-2010,23403,79,832,13770,12360.86667,2010,4,17,1,FALSE,23403
28-04-2010,19380,73,901,14643.71429,12168.5,2010,4,17,2,FALSE,19380
29-04-2010,17039,84,1033,13995.57143,12094.53333,2010,4,17,3,FALSE,17039
30-04-2010,17511,50,726,15038.28571,12223.5,2010,4,17,4,FALSE,17511
01-05-2010,0,0,0,15038.28571,11647.13333,2010,5,17,5,TRUE,0
02-05-2010,6296,40,530,14740.57143,11857,2010,5,17,6,TRUE,6296
03-05-2010,0,0,0,11947,11857,2010,5,18,0,FALSE,0
04-05-2010,11192,52,806,10202.57143,12230.06667,2010,5,18,1,FALSE,11192
05-05-2010,15625,82,803,9666.142857,12750.9,2010,5,18,2,FALSE,15625
06-05-2010,31089,84,945,11673.28571,13353.13333,2010,5,18,3,FALSE,31089
07-05-2010,23171,66,797,12481.85714,13341.23333,2010,5,18,4,FALSE,23171
08-05-2010,0,0,0,12481.85714,12447.8,2010,5,18,5,TRUE,0
09-05-2010,11825,62,895,13271.71429,12537.96667,2010,5,18,6,TRUE,11825
10-05-2010,15713,77,906,15516.42857,13061.73333,2010,5,19,0,FALSE,15713
11-05-2010,18150,65,909,16510.42857,13280.56667,2010,5,19,1,FALSE,18150
12-05-2010,21669,65,739,17373.85714,13574.9,2010,5,19,2,FALSE,21669
13-05-2010,26817,66,767,16763.57143,13987.26667,2010,5,19,3,FALSE,26817
14-05-2010,14348,49,553,15503.14286,13921.23333,2010,5,19,4,FALSE,14348
15-05-2010,0,0,0,15503.14286,13562.26667,2010,5,19,5,TRUE,0
16-05-2010,11028,44,829,15389.28571,13434.36667,2010,5,19,6,TRUE,11028
17-05-2010,13811,49,771,15117.57143,13894.73333,2010,5,20,0,FALSE,13811
18-05-2010,22477,64,818,15735.71429,14211.93333,2010,5,20,1,FALSE,22477
19-05-2010,9644,61,705,14017.85714,13887.96667,2010,5,20,2,FALSE,9644
20-05-2010,15590,67,844,12414,13958.83333,2010,5,20,3,FALSE,15590
21-05-2010,10076,52,797,11803.71429,13852.56667,2010,5,20,4,FALSE,10076
22-05-2010,0,0,0,11803.71429,13133.36667,2010,5,20,5,TRUE,0
23-05-2010,13889,49,677,12212.42857,13255.93333,2010,5,20,6,TRUE,13889
24-05-2010,32771,71,748,14921,14348.3,2010,5,21,0,FALSE,32771
25-05-2010,15014,61,760,13854.85714,14569.43333,2010,5,21,1,FALSE,15014
26-05-2010,18921,96,897,15180.14286,14548.3,2010,5,21,2,FALSE,18921
27-05-2010,17905,88,930,15510.85714,14365.03333,2010,5,21,3,FALSE,17905
28-05-2010,12627,58,715,15875.28571,14139.93333,2010,5,21,4,FALSE,12627
29-05-2010,0,0,0,15875.28571,13571.96667,2010,5,21,5,TRUE,0
30-05-2010,6220,32,560,14779.71429,13195.6,2010,5,21,6,TRUE,6220
31-05-2010,0,0,0,10098.14286,13195.6,2010,5,22,0,FALSE,0
01-06-2010,8287,47,757,9137.142857,13261.96667,2010,6,22,1,FALSE,8287
02-06-2010,11808,46,667,8121,13655.56667,2010,6,22,2,FALSE,11808
03-06-2010,17585,67,913,8075.285714,13868.66667,2010,6,22,3,FALSE,17585
04-06-2010,8167,51,812,7438.142857,13620.06667,2010,6,22,4,FALSE,8167
05-06-2010,0,0,0,7438.142857,12583.76667,2010,6,22,5,TRUE,0
06-06-2010,14079,68,965,8560.857143,12280.7,2010,6,22,6,TRUE,14079
07-06-2010,29457,103,1163,12769,13262.6,2010,6,23,0,FALSE,29457
08-06-2010,25848,81,1047,15277.71429,13730.03333,2010,6,23,1,FALSE,25848
09-06-2010,25410,68,765,17220.85714,14053.26667,2010,6,23,2,FALSE,25410
10-06-2010,9683,66,589,16092,13771.03333,2010,6,23,3,FALSE,9683
11-06-2010,21405,86,925,17983.14286,13762.23333,2010,6,23,4,FALSE,21405
12-06-2010,0,0,0,17983.14286,12868.33333,2010,6,23,5,TRUE,0
13-06-2010,11120,70,834,17560.42857,12760.73333,2010,6,23,6,TRUE,11120
14-06-2010,16206,57,928,15667.42857,13300.93333,2010,6,24,0,FALSE,16206
15-06-2010,19496,52,863,14760,13583.2,2010,6,24,1,FALSE,19496
16-06-2010,18986,81,954,13842.28571,13755.7,2010,6,24,2,FALSE,18986
17-06-2010,13238,78,850,14350.14286,13447.73333,2010,6,24,3,FALSE,13238
18-06-2010,9608,50,599,12664.85714,13446.53333,2010,6,24,4,FALSE,9608
19-06-2010,0,0,0,12664.85714,12926.86667,2010,6,24,5,TRUE,0
20-06-2010,4487,26,333,11717.28571,12740.56667,2010,6,24,6,TRUE,4487
21-06-2010,12061,44,1000,11125.14286,13142.6,2010,6,25,0,FALSE,12061
22-06-2010,6978,43,667,9336.857143,12912.23333,2010,6,25,1,FALSE,6978
23-06-2010,16258,68,763,8947.142857,12361.8,2010,6,25,2,FALSE,16258
24-06-2010,11306,73,737,8671.142857,12238.2,2010,6,25,3,FALSE,11306
25-06-2010,7997,45,787,8441,11874.06667,2010,6,25,4,FALSE,7997
26-06-2010,0,0,0,8441,11277.23333,2010,6,25,5,TRUE,0
27-06-2010,10851,55,748,9350.142857,11218.03333,2010,6,25,6,TRUE,10851
28-06-2010,34536,70,920,12560.85714,12369.23333,2010,6,26,0,FALSE,34536
29-06-2010,20923,71,853,14553,12859.33333,2010,6,26,1,FALSE,20923
30-06-2010,21040,79,922,15236.14286,13560.66667,2010,6,26,2,FALSE,21040
01-07-2010,16493,85,895,15977.14286,13834.2,2010,7,26,3,FALSE,16493
02-07-2010,8709,47,635,16078.85714,13730.9,2010,7,26,4,FALSE,8709
03-07-2010,0,0,0,16078.85714,13144.73333,2010,7,26,5,TRUE,0
04-07-2010,5302,21,463,15286.14286,13049.23333,2010,7,26,6,TRUE,5302
05-07-2010,16630,85,795,12728.14286,13603.56667,2010,7,27,0,FALSE,16630
06-07-2010,11962,58,681,11448,13533,2010,7,27,1,FALSE,11962
07-07-2010,14692,77,910,10541.14286,13040.83333,2010,7,27,2,FALSE,14692
08-07-2010,11756,70,773,9864.428571,12571.1,2010,7,27,3,FALSE,11756
09-07-2010,14072,30,599,10630.57143,12193.16667,2010,7,27,4,FALSE,14072
10-07-2010,0,0,0,10630.57143,11870.4,2010,7,27,5,TRUE,0
11-07-2010,5806,28,497,10702.57143,11350.43333,2010,7,27,6,TRUE,5806
12-07-2010,9721,50,734,9715.571429,11674.46667,2010,7,28,0,FALSE,9721
13-07-2010,10045,55,744,9441.714286,11638.63333,2010,7,28,1,FALSE,10045
14-07-2010,13384,62,819,9254.857143,11544.56667,2010,7,28,2,FALSE,13384
15-07-2010,27819,80,840,11549.57143,11822,2010,7,28,3,FALSE,27819
16-07-2010,14312,68,726,11583.85714,11666.2,2010,7,28,4,FALSE,14312
17-07-2010,0,0,0,11583.85714,11224.93333,2010,7,28,5,TRUE,0
18-07-2010,9646,40,589,12132.42857,11226.2,2010,7,28,6,TRUE,9646
19-07-2010,18535,59,782,13391.57143,11844.03333,2010,7,29,0,FALSE,18535
20-07-2010,12099,57,663,13685,12097.76667,2010,7,29,1,FALSE,12099
21-07-2010,13174,55,734,13655,12134.86667,2010,7,29,2,FALSE,13174
22-07-2010,13939,78,806,11672.14286,12366.9,2010,7,29,3,FALSE,13939
23-07-2010,13371,48,665,11537.71429,12270.66667,2010,7,29,4,FALSE,13371
24-07-2010,0,0,0,11537.71429,11893.8,2010,7,29,5,TRUE,0
25-07-2010,11531,54,741,11807,12011.6,2010,7,29,6,TRUE,11531
26-07-2010,15011,62,822,11303.57143,12511.96667,2010,7,30,0,FALSE,15011
27-07-2010,14315,70,663,11620.14286,12627.43333,2010,7,30,1,FALSE,14315
28-07-2010,13365,65,724,11647.42857,11921.73333,2010,7,30,2,FALSE,13365
29-07-2010,13763,72,895,11622.28571,11683.06667,2010,7,30,3,FALSE,13763
30-07-2010,8443,53,508,10918.28571,11263.16667,2010,7,30,4,FALSE,8443
31-07-2010,0,0,0,10918.28571,10713.4,2010,7,30,5,TRUE,0
01-08-2010,9702,32,583,10657,10746.5,2010,8,30,6,TRUE,9702
02-08-2010,11871,63,691,10208.42857,11142.2,2010,8,31,0,FALSE,11871
03-08-2010,16330,59,857,10496.28571,11509.8,2010,8,31,1,FALSE,16330
04-08-2010,11740,53,850,10264.14286,11346.8,2010,8,31,2,FALSE,11740
05-08-2010,16828,54,744,10702,11509,2010,8,31,3,FALSE,16828
06-08-2010,9923,45,409,10913.42857,11350.03333,2010,8,31,4,FALSE,9923
07-08-2010,0,0,0,10913.42857,10958.16667,2010,8,31,5,TRUE,0
08-08-2010,8120,44,562,10687.42857,10759.76667,2010,8,31,6,TRUE,8120
09-08-2010,57628.5,51,621,23309.28571,14100.56667,2010,8,32,0,FALSE,100224
10-08-2010,20053,46,937,23841.14286,14575.46667,2010,8,32,1,FALSE,20053
11-08-2010,8197,46,642,23335,14524.66667,2010,8,32,2,FALSE,8197
12-08-2010,18216,81,897,23533.28571,14797.03333,2010,8,32,3,FALSE,18216
13-08-2010,18159,55,765,24709.85714,14956.2,2010,8,32,4,FALSE,18159
14-08-2010,0,0,0,24709.85714,14028.9,2010,8,32,5,TRUE,0
15-08-2010,17333,58,615,26026,14129.6,2010,8,32,6,TRUE,17333
16-08-2010,11080,39,677,13291.14286,14498.93333,2010,8,33,0,FALSE,11080
17-08-2010,18400,45,613,13055,14790.73333,2010,8,33,1,FALSE,18400
18-08-2010,22851,58,957,15148.42857,14934.6,2010,8,33,2,FALSE,22851
19-08-2010,22520,77,801,15763.28571,15281.96667,2010,8,33,3,FALSE,22520
20-08-2010,19177,59,799,15908.71429,15482.06667,2010,8,33,4,FALSE,19177
21-08-2010,0,0,0,15908.71429,15017.43333,2010,8,33,5,TRUE,0
22-08-2010,13884,60,769,15416,15034.53333,2010,8,33,6,TRUE,13884
23-08-2010,13251,45,713,15726.14286,15476.23333,2010,8,34,0,FALSE,13251
24-08-2010,19081,61,697,15823.42857,15727.9,2010,8,34,1,FALSE,19081
25-08-2010,17575,76,857,15069.71429,15813.36667,2010,8,34,2,FALSE,17575
26-08-2010,17607,80,842,14367.85714,15923.1,2010,8,34,3,FALSE,17607
27-08-2010,7316,36,675,12673.42857,15721.46667,2010,8,34,4,FALSE,7316
28-08-2010,0,0,0,12673.42857,15262.7,2010,8,34,5,TRUE,0
29-08-2010,8766,39,483,11942.28571,15273.46667,2010,8,34,6,TRUE,8766
30-08-2010,0,0,0,10049.28571,15273.46667,2010,8,35,0,FALSE,0
31-08-2010,14176,63,936,9348.571429,15422.6,2010,8,35,1,FALSE,14176
01-09-2010,12910,43,646,8682.142857,15457.23333,2010,9,35,2,FALSE,12910
02-09-2010,21964,91,848,9304.571429,15645.03333,2010,9,35,3,FALSE,21964
03-09-2010,31223,60,655,12719.85714,16294.46667,2010,9,35,4,FALSE,31223
04-09-2010,0,0,0,12719.85714,15733.53333,2010,9,35,5,TRUE,0
05-09-2010,7222,35,514,12499.28571,15643.5,2010,9,35,6,TRUE,7222
06-09-2010,16208,53,861,14814.71429,16183.76667,2010,9,36,0,FALSE,16208
07-09-2010,15746,51,718,15039,16437.96667,2010,9,36,1,FALSE,15746
08-09-2010,10208,49,691,14653,13437.43333,2010,9,36,2,FALSE,10208
09-09-2010,13200,67,865,13401,13209,2010,9,36,3,FALSE,13200
10-09-2010,10430,46,629,10430.57143,13283.43333,2010,9,36,4,FALSE,10430
11-09-2010,0,0,0,10430.57143,12676.23333,2010,9,36,5,TRUE,0
12-09-2010,9278,48,729,10724.28571,12380.2,2010,9,36,6,TRUE,9278
13-09-2010,28405,87,992,12466.71429,13327.03333,2010,9,37,0,FALSE,28405
14-09-2010,11384,63,764,11843.57143,13128.73333,2010,9,37,1,FALSE,11384
15-09-2010,21473,67,811,13452.85714,13475.16667,2010,9,37,2,FALSE,21473
16-09-2010,14418,68,897,13626.85714,13342.43333,2010,9,37,3,FALSE,14418
17-09-2010,11843,52,726,13828.71429,12975.5,2010,9,37,4,FALSE,11843
18-09-2010,0,0,0,13828.71429,12224.83333,2010,9,37,5,TRUE,0
19-09-2010,13697,59,984,14460,12042.16667,2010,9,37,6,TRUE,13697
20-09-2010,25067,82,967,13983.14286,12877.73333,2010,9,38,0,FALSE,25067
21-09-2010,37072,103,1020,17652.85714,13650.66667,2010,9,38,1,FALSE,37072
22-09-2010,14626,83,689,16674.71429,13696.5,2010,9,38,2,FALSE,14626
23-09-2010,21377,86,935,17668.85714,13773.03333,2010,9,38,3,FALSE,21377
24-09-2010,28035,67,810,19982,14121.7,2010,9,38,4,FALSE,28035
25-09-2010,0,0,0,19982,13534.8,2010,9,38,5,TRUE,0
26-09-2010,13385,65,747,19937.42857,13737.1,2010,9,38,6,TRUE,13385
27-09-2010,57628.5,95,1012,34283.42857,17920.06667,2010,9,39,0,FALSE,125489
28-09-2010,23634,127,1199,32363.71429,18415.66667,2010,9,39,1,FALSE,23634
29-09-2010,20736,99,967,33236.57143,19106.86667,2010,9,39,2,FALSE,20736
30-09-2010,24834,93,978,33730.42857,19462.13333,2010,9,39,3,FALSE,24834
01-10-2010,22213,71,919,32898.71429,19772.23333,2010,10,39,4,FALSE,22213
02-10-2010,0,0,0,32898.71429,19040.1,2010,10,39,5,TRUE,0
03-10-2010,20343,77,966,33892.71429,18677.43333,2010,10,39,6,TRUE,20343
04-10-2010,23529,84,1002,19327,19461.73333,2010,10,40,0,FALSE,23529
05-10-2010,34855,130,1166,20930,20382.83333,2010,10,40,1,FALSE,34855
06-10-2010,21884,63,738,21094,20572.03333,2010,10,40,2,FALSE,21884
07-10-2010,30072,121,1360,21842.28571,21049.56667,2010,10,40,3,FALSE,30072
08-10-2010,41441,78,995,24589.14286,22090.66667,2010,10,40,4,FALSE,41441
09-10-2010,0,0,0,24589.14286,21650.66667,2010,10,40,5,TRUE,0
10-10-2010,12414,68,897,23456.42857,21716.8,2010,10,40,6,TRUE,12414
11-10-2010,24913,91,1130,23654.14286,22547.23333,2010,10,41,0,FALSE,24913
12-10-2010,29531,110,1134,22893.57143,23222.33333,2010,10,41,1,FALSE,29531
13-10-2010,40097,86,1035,25495.42857,23612.06667,2010,10,41,2,FALSE,40097
14-10-2010,37123,99,1014,26502.71429,24470.03333,2010,10,41,3,FALSE,37123
15-10-2010,22350,117,1081,23775.42857,24499.26667,2010,10,41,4,FALSE,22350
16-10-2010,0,0,0,23775.42857,24018.66667,2010,10,41,5,TRUE,0
17-10-2010,18978,71,1118,24713.14286,24256.5,2010,10,41,6,TRUE,18978
18-10-2010,19725,104,1194,23972,24914,2010,10,42,0,FALSE,19725
19-10-2010,27244,78,1089,23645.28571,25365.56667,2010,10,42,1,FALSE,27244
20-10-2010,24039,108,1078,21351.28571,25331.3,2010,10,42,2,FALSE,24039
21-10-2010,17798,96,1063,18590.57143,24688.83333,2010,10,42,3,FALSE,17798
22-10-2010,23118,88,1083,18700.28571,24971.9,2010,10,42,4,FALSE,23118
23-10-2010,0,0,0,18700.28571,24259.33333,2010,10,42,5,TRUE,0
24-10-2010,15445,83,1044,18195.57143,23839.66667,2010,10,42,6,TRUE,15445
25-10-2010,14485,73,996,17447,24322.5,2010,10,43,0,FALSE,14485
26-10-2010,25974,104,1149,17265.57143,24742.13333,2010,10,43,1,FALSE,25974
27-10-2010,16197,72,962,16145.28571,21099.06667,2010,10,43,2,FALSE,16197
28-10-2010,14298,63,883,15645.28571,20787.86667,2010,10,43,3,FALSE,14298
29-10-2010,25578,83,972,15996.71429,20949.26667,2010,10,43,4,FALSE,25578
30-10-2010,0,0,0,15996.71429,20121.46667,2010,10,43,5,TRUE,0
31-10-2010,16352,83,1149,16126.28571,19926.1,2010,10,43,6,TRUE,16352
01-11-2010,14127,62,1115,16075.14286,20397,2010,11,44,0,FALSE,14127
02-11-2010,24166,91,1048,15816.85714,20524.43333,2010,11,44,1,FALSE,24166
03-11-2010,23637,87,1027,16879.71429,20528.03333,2010,11,44,2,FALSE,23637
04-11-2010,57628.5,132,1361,23447,21375.16667,2010,11,44,3,FALSE,60269
05-11-2010,22449,75,1033,23000,21394,2010,11,44,4,FALSE,22449
06-11-2010,0,0,0,23000,20391.6,2010,11,44,5,TRUE,0
07-11-2010,18428,82,1106,23296.57143,19624.5,2010,11,44,6,TRUE,18428
08-11-2010,32397,82,1216,25906.57143,20704.4,2010,11,45,0,FALSE,32397
09-11-2010,35361,121,1109,27505.85714,21469.3,2010,11,45,1,FALSE,35361
10-11-2010,35184,131,1478,29155.42857,21811.66667,2010,11,45,2,FALSE,35184
11-11-2010,34397,129,1274,25459.42857,21973.86667,2010,11,45,3,FALSE,34397
12-11-2010,23217,111,1275,25569.14286,21411.2,2010,11,45,4,FALSE,23217
13-11-2010,0,0,0,25569.14286,20173.76667,2010,11,45,5,TRUE,0
14-11-2010,17295,90,1226,25407.28571,20005.26667,2010,11,45,6,TRUE,17295
15-11-2010,37969,103,1412,26203.28571,21270.9,2010,11,46,0,FALSE,37969
16-11-2010,39307,108,1366,26767,21948.53333,2010,11,46,1,FALSE,39307
17-11-2010,28549,119,1265,25819.14286,22242.66667,2010,11,46,2,FALSE,28549
18-11-2010,21366,104,1207,23957.57143,22046.73333,2010,11,46,3,FALSE,21366
19-11-2010,25313,108,1120,24257,22089.2,2010,11,46,4,FALSE,25313
20-11-2010,0,0,0,24257,21495.93333,2010,11,46,5,TRUE,0
21-11-2010,17985,96,1286,24355.57143,21324.83333,2010,11,46,6,TRUE,17985
22-11-2010,19775,93,1338,21756.42857,21984,2010,11,47,0,FALSE,19775
23-11-2010,26947,132,1422,19990.71429,22367.4,2010,11,47,1,FALSE,26947
24-11-2010,28754,133,1337,20020,22843.03333,2010,11,47,2,FALSE,28754
25-11-2010,38054,153,1238,22404,23245.7,2010,11,47,3,FALSE,38054
26-11-2010,17394,84,1161,21272.71429,23285.6,2010,11,47,4,FALSE,17394
27-11-2010,0,0,0,21272.71429,22809,2010,11,47,5,TRUE,0
28-11-2010,16298,91,1134,21031.71429,22499.66667,2010,11,47,6,TRUE,16298
29-11-2010,39991,107,1525,23919.71429,23832.7,2010,11,48,0,FALSE,39991
30-11-2010,26532,123,953,23860.42857,24172.03333,2010,11,48,1,FALSE,26532
01-12-2010,26818,127,1340,23583.85714,24595.06667,2010,12,48,2,FALSE,26818
02-12-2010,31264,142,923,22613.85714,24831.66667,2010,12,48,3,FALSE,31264
03-12-2010,16158,68,1133,22437.28571,24582.36667,2010,12,48,4,FALSE,16158
04-12-2010,0,0,0,22437.28571,22573.4,2010,12,48,5,TRUE,0
05-12-2010,16242,88,1142,22429.28571,22366.5,2010,12,48,6,TRUE,16242
06-12-2010,21619,102,1471,19804.71429,23087.13333,2010,12,49,0,FALSE,21619
07-12-2010,25180,84,1277,19611.57143,23312.2,2010,12,49,1,FALSE,25180
08-12-2010,23041,116,1200,19072,23000.33333,2010,12,49,2,FALSE,23041
09-12-2010,19898,107,1258,17448.28571,22484.9,2010,12,49,3,FALSE,19898
10-12-2010,20973,77,1264,18136.14286,22011.2,2010,12,49,4,FALSE,20973
11-12-2010,0,0,0,18136.14286,20864.63333,2010,12,49,5,TRUE,0
12-12-2010,10537,44,800,17321.14286,20441.96667,2010,12,49,6,TRUE,10537
13-12-2010,17701,70,1169,16761.42857,21032,2010,12,50,0,FALSE,17701
14-12-2010,20255,90,1010,16057.85714,21130.66667,2010,12,50,1,FALSE,20255
15-12-2010,18453,74,755,15402.42857,20480.13333,2010,12,50,2,FALSE,18453
16-12-2010,29860,121,922,16825.57143,20165.23333,2010,12,50,3,FALSE,29860
17-12-2010,16935,66,1368,16248.71429,19778.1,2010,12,50,4,FALSE,16935
18-12-2010,0,0,0,16248.71429,19065.9,2010,12,50,5,TRUE,0
19-12-2010,3734,23,390,15276.85714,18346.6,2010,12,50,6,TRUE,3734
20-12-2010,14914,61,924,14878.71429,18843.73333,2010,12,51,0,FALSE,14914
21-12-2010,15605,55,821,14214.42857,18764.4,2010,12,51,1,FALSE,15605
22-12-2010,3080,17,193,12018.28571,18207.9,2010,12,51,2,FALSE,3080
23-12-2010,5752,27,785,8574.285714,17501.4,2010,12,51,3,FALSE,5752
24-12-2010,0,0,0,6155,16542.93333,2010,12,51,4,FALSE,0
25-12-2010,0,0,0,6155,15274.46667,2010,12,51,5,TRUE,0
26-12-2010,0,0,0,5621.571429,14694.66667,2010,12,51,6,TRUE,0
27-12-2010,0,0,0,3491,14694.66667,2010,12,52,0,FALSE,0
28-12-2010,0,0,0,1261.714286,14151.4,2010,12,52,1,FALSE,0
29-12-2010,0,0,0,821.7142857,12818.36667,2010,12,52,2,FALSE,0
30-12-2010,0,0,0,0,11933.96667,2010,12,52,3,FALSE,0
31-12-2010,0,0,0,0,11040.03333,2010,12,52,4,FALSE,0
01-01-2011,0,0,0,0,9997.9,2011,1,52,5,TRUE,0
02-01-2011,0,0,0,0,9459.3,2011,1,52,6,TRUE,0
03-01-2011,0,0,0,0,9459.3,2011,1,1,0,FALSE,0
04-01-2011,8630,36,819,1232.857143,9205.566667,2011,1,1,1,FALSE,8630
05-01-2011,19769,55,992,4057,9143.9,2011,1,1,2,FALSE,19769
06-01-2011,23124,50,998,7360.428571,9075.366667,2011,1,1,3,FALSE,23124
07-01-2011,17160,53,1031,9811.857143,8879.333333,2011,1,1,4,FALSE,17160
08-01-2011,0,0,0,9811.857143,8216.066667,2011,1,1,5,TRUE,0
09-01-2011,8125,48,640,10972.57143,7787.8,2011,1,1,6,TRUE,8125
10-01-2011,12861,39,1096,12809.85714,8216.5,2011,1,2,0,FALSE,12861
11-01-2011,28437,58,943,15639.42857,8813.166667,2011,1,2,1,FALSE,28437
12-01-2011,10606,45,1078,14330.42857,8576.666667,2011,1,2,2,FALSE,10606
13-01-2011,10171,44,949,12480,8240.533333,2011,1,2,3,FALSE,10171
14-01-2011,23139,47,898,13334.14286,8396.733333,2011,1,2,4,FALSE,23139
15-01-2011,0,0,0,13334.14286,7401.4,2011,1,2,5,TRUE,0
16-01-2011,4086,25,422,12757.14286,6973.1,2011,1,2,6,TRUE,4086
17-01-2011,13375,51,1211,12830.57143,7418.933333,2011,1,3,0,FALSE,13375
18-01-2011,57628.5,41,892,20620.14286,10059.93333,2011,1,3,1,FALSE,82964
19-01-2011,17354,35,951,21584.14286,10141.26667,2011,1,3,2,FALSE,17354
20-01-2011,10475,39,950,21627.57143,9970.266667,2011,1,3,3,FALSE,10475
21-01-2011,15302,39,963,20508,10377.66667,2011,1,3,4,FALSE,15302
22-01-2011,0,0,0,20508,10185.93333,2011,1,3,5,TRUE,0
23-01-2011,5200,27,568,20667.14286,10359.26667,2011,1,3,6,TRUE,5200
24-01-2011,11955,53,846,20464.28571,10757.76667,2011,1,4,0,FALSE,11955
25-01-2011,15538,67,873,10832,11275.7,2011,1,4,1,FALSE,15538
26-01-2011,10931,56,761,9914.428571,11640.06667,2011,1,4,2,FALSE,10931
27-01-2011,11266,52,855,10027.42857,12015.6,2011,1,4,3,FALSE,11266
28-01-2011,9842,40,584,9247.428571,12343.66667,2011,1,4,4,FALSE,9842
29-01-2011,0,0,0,9247.428571,12343.66667,2011,1,4,5,TRUE,0
30-01-2011,3383,24,483,8987.857143,12456.43333,2011,1,4,6,TRUE,3383
31-01-2011,13406,62,840,9195.142857,12903.3,2011,1,5,0,FALSE,13406
01-02-2011,15814,63,830,9234.571429,13430.43333,2011,2,5,1,FALSE,15814
02-02-2011,9706,63,795,9059.571429,13753.96667,2011,2,5,2,FALSE,9706
03-02-2011,15712,46,598,9694.714286,13990.03333,2011,2,5,3,FALSE,15712
04-02-2011,12695,52,739,10102.28571,13754.23333,2011,2,5,4,FALSE,12695
05-02-2011,0,0,0,10102.28571,12983.43333,2011,2,5,5,TRUE,0
06-02-2011,2036,11,220,9909.857143,12479.3,2011,2,5,6,TRUE,2036
07-02-2011,9128,42,803,9298.714286,12783.56667,2011,2,6,0,FALSE,9128
08-02-2011,10100,45,758,8482.428571,12849.4,2011,2,6,1,FALSE,10100
09-02-2011,7164,29,602,8119.285714,12659.5,2011,2,6,2,FALSE,7164
10-02-2011,11876,41,504,7571.285714,12107.46667,2011,2,6,3,FALSE,11876
11-02-2011,10520,45,621,7260.571429,12104.6,2011,2,6,4,FALSE,10520
12-02-2011,0,0,0,7260.571429,11765.56667,2011,2,6,5,TRUE,0
13-02-2011,2723,20,425,7358.714286,11085.03333,2011,2,6,6,TRUE,2723
14-02-2011,13567,42,713,7992.857143,11537.26667,2011,2,7,0,FALSE,13567
15-02-2011,22669,58,809,9788.428571,12156.7,2011,2,7,1,FALSE,22669
16-02-2011,16117,63,698,11067.42857,12248.1,2011,2,7,2,FALSE,16117
17-02-2011,14413,68,875,11429.85714,9963.066667,2011,2,7,3,FALSE,14413
18-02-2011,9149,39,594,11234,9689.566667,2011,2,7,4,FALSE,9149
19-02-2011,0,0,0,11234,9340.4,2011,2,7,5,TRUE,0
20-02-2011,5218,26,593,11590.42857,9004.266667,2011,2,7,6,TRUE,5218
21-02-2011,21533,38,811,12728.42857,9722.033333,2011,2,8,0,FALSE,21533
22-02-2011,21893,52,893,12617.57143,10278.46667,2011,2,8,1,FALSE,21893
23-02-2011,13742,63,860,12278.28571,10338.03333,2011,2,8,2,FALSE,13742
24-02-2011,11891,55,775,11918,10216.46667,2011,2,8,3,FALSE,11891
25-02-2011,10572,49,592,12121.28571,10204.5,2011,2,8,4,FALSE,10572
26-02-2011,0,0,0,12121.28571,9828.966667,2011,2,8,5,TRUE,0
27-02-2011,4823,33,566,12064.85714,9661.666667,2011,2,8,6,TRUE,4823
28-02-2011,9873,57,906,10399.14286,9990.766667,2011,2,9,0,FALSE,9873
01-03-2011,12137,62,844,9005.428571,10282.56667,2011,3,9,1,FALSE,12137
02-03-2011,8612,43,543,8272.571429,10122.76667,2011,3,9,2,FALSE,8612
03-03-2011,20075,49,793,9441.714286,10264.8,2011,3,9,3,FALSE,20075
04-03-2011,13560,49,717,9868.571429,10393.26667,2011,3,9,4,FALSE,13560
05-03-2011,0,0,0,9868.571429,9869.533333,2011,3,9,5,TRUE,0
06-03-2011,5027,27,510,9897.714286,9613.933333,2011,3,9,6,TRUE,5027
07-03-2011,14006,68,1045,10488.14286,10080.8,2011,3,10,0,FALSE,14006
08-03-2011,14537,48,883,10831,10497.5,2011,3,10,1,FALSE,14537
09-03-2011,11861,53,755,11295.14286,10588.6,2011,3,10,2,FALSE,11861
10-03-2011,15583,57,656,10653.42857,10771.36667,2011,3,10,3,FALSE,15583
11-03-2011,10521,53,605,10219.28571,10883.26667,2011,3,10,4,FALSE,10521
12-03-2011,0,0,0,10219.28571,10487.4,2011,3,10,5,TRUE,0
13-03-2011,2733,16,416,9891.571429,10227.83333,2011,3,10,6,TRUE,2733
14-03-2011,16737,50,679,10281.71429,10785.73333,2011,3,11,0,FALSE,16737
15-03-2011,8941,52,722,9482.285714,10993,2011,3,11,1,FALSE,8941
16-03-2011,12883,52,582,9628.285714,10970.2,2011,3,11,2,FALSE,12883
17-03-2011,20975,62,1064,10398.57143,10913.73333,2011,3,11,3,FALSE,20975
18-03-2011,13938,64,765,10886.71429,10841.1,2011,3,11,4,FALSE,13938
19-03-2011,0,0,0,10886.71429,10360.66667,2011,3,11,5,TRUE,0
20-03-2011,14038,60,861,12501.71429,10523.63333,2011,3,11,6,TRUE,14038
21-03-2011,10292,53,627,11581,10866.7,2011,3,12,0,FALSE,10292
22-03-2011,16548,53,1140,12667.71429,11244.36667,2011,3,12,1,FALSE,16548
23-03-2011,14374,63,773,12880.71429,11005.73333,2011,3,12,2,FALSE,14374
24-03-2011,18164,68,781,12479.14286,10881.43333,2011,3,12,3,FALSE,18164
25-03-2011,14083,56,800,12499.85714,10892.8,2011,3,12,4,FALSE,14083
26-03-2011,0,0,0,12499.85714,10496.43333,2011,3,12,5,TRUE,0
27-03-2011,4496,32,503,11136.71429,10293.9,2011,3,12,6,TRUE,4496
28-03-2011,12222,61,891,11412.42857,10701.3,2011,3,13,0,FALSE,12222
29-03-2011,32803,62,970,13734.57143,11633.96667,2011,3,13,1,FALSE,32803
30-03-2011,20621,75,877,14627,11992.23333,2011,3,13,2,FALSE,20621
31-03-2011,16832,66,869,14436.71429,12148.73333,2011,3,13,3,FALSE,16832
01-04-2011,18459,75,742,15061.85714,12476.96667,2011,4,13,4,FALSE,18459
02-04-2011,0,0,0,15061.85714,11807.8,2011,4,13,5,TRUE,0
03-04-2011,5658,20,523,15227.85714,11544.4,2011,4,13,6,TRUE,5658
04-04-2011,14004,59,907,15482.42857,12011.2,2011,4,14,0,FALSE,14004
05-04-2011,15558,52,705,13018.85714,12362.23333,2011,4,14,1,FALSE,15558
06-04-2011,9156,40,713,11381,12200.56667,2011,4,14,2,FALSE,9156
07-04-2011,10508,64,832,10477.57143,12066.26667,2011,4,14,3,FALSE,10508
08-04-2011,12985,71,825,9695.571429,12103.73333,2011,4,14,4,FALSE,12985
09-04-2011,0,0,0,9695.571429,11584.3,2011,4,14,5,TRUE,0
10-04-2011,5603,32,635,9687.714286,11420.36667,2011,4,14,6,TRUE,5603
11-04-2011,13632,64,756,9634.571429,11874.76667,2011,4,15,0,FALSE,13632
12-04-2011,15311,62,647,9599.285714,12294.03333,2011,4,15,1,FALSE,15311
13-04-2011,18752,60,662,10970.14286,12361.2,2011,4,15,2,FALSE,18752
14-04-2011,18858,86,770,12163,12691.76667,2011,4,15,3,FALSE,18858
15-04-2011,12717,56,718,12124.71429,12686.23333,2011,4,15,4,FALSE,12717
16-04-2011,0,0,0,12124.71429,11987.06667,2011,4,15,5,TRUE,0
17-04-2011,8136,42,620,12486.57143,11793.66667,2011,4,15,6,TRUE,8136
18-04-2011,29825,69,1275,14799.85714,12787.83333,2011,4,16,0,FALSE,29825
19-04-2011,14461,59,984,14678.42857,12801.93333,2011,4,16,1,FALSE,14461
20-04-2011,18371,63,588,14624,13071.23333,2011,4,16,2,FALSE,18371
21-04-2011,18210,77,941,14531.42857,13126.63333,2011,4,16,3,FALSE,18210
22-04-2011,0,0,0,12714.71429,12647.5,2011,4,16,4,FALSE,0
23-04-2011,0,0,0,12714.71429,12042.03333,2011,4,16,5,TRUE,0
24-04-2011,0,0,0,11552.42857,11572.6,2011,4,16,6,TRUE,0
25-04-2011,0,0,0,7291.714286,11572.6,2011,4,17,0,FALSE,0
26-04-2011,16135,71,923,7530.857143,11960.56667,2011,4,17,1,FALSE,16135
27-04-2011,18218,65,785,7509,12160.43333,2011,4,17,2,FALSE,18218
28-04-2011,13396,59,713,6821.285714,11513.53333,2011,4,17,3,FALSE,13396
29-04-2011,0,0,0,6821.285714,10826.16667,2011,4,17,4,FALSE,0
30-04-2011,0,0,0,6821.285714,10265.1,2011,4,17,5,TRUE,0
01-05-2011,3814,18,357,7366.142857,9776.933333,2011,5,17,6,TRUE,3814
02-05-2011,0,0,0,7366.142857,9776.933333,2011,5,18,0,FALSE,0
03-05-2011,12454,66,743,6840.285714,10003.46667,2011,5,18,1,FALSE,12454
04-05-2011,17363,65,695,6718.142857,10115.43333,2011,5,18,2,FALSE,17363
05-05-2011,17436,89,902,7295.285714,10178.03333,2011,5,18,3,FALSE,17436
06-05-2011,19945,82,1019,10144.57143,10537.66667,2011,5,18,4,FALSE,19945
07-05-2011,0,0,0,10144.57143,10187.4,2011,5,18,5,TRUE,0
08-05-2011,10621,63,739,11117,10108.6,2011,5,18,6,TRUE,10621
09-05-2011,13354,71,859,13024.71429,10553.73333,2011,5,19,0,FALSE,13354
10-05-2011,19784,96,932,14071.85714,11026.43333,2011,5,19,1,FALSE,19784
11-05-2011,18894,80,829,14290.57143,11201.83333,2011,5,19,2,FALSE,18894
12-05-2011,37774,86,947,17196,11950.6,2011,5,19,3,FALSE,37774
13-05-2011,15217,73,779,16520.57143,11832.76667,2011,5,19,4,FALSE,15217
14-05-2011,0,0,0,16520.57143,11204.16667,2011,5,19,5,TRUE,0
15-05-2011,4895,31,575,15702.57143,10943.43333,2011,5,19,6,TRUE,4895
16-05-2011,16019,68,793,16083.28571,11477.4,2011,5,20,0,FALSE,16019
17-05-2011,26769,82,873,17081.14286,12098.5,2011,5,20,1,FALSE,26769
18-05-2011,19013,73,717,17098.14286,11738.1,2011,5,20,2,FALSE,19013
19-05-2011,18124,99,878,14291,11860.2,2011,5,20,3,FALSE,18124
20-05-2011,15348,71,604,14309.71429,11759.43333,2011,5,20,4,FALSE,15348
21-05-2011,0,0,0,14309.71429,11152.43333,2011,5,20,5,TRUE,0
22-05-2011,12645,61,875,15416.85714,11573.93333,2011,5,20,6,TRUE,12645
23-05-2011,18169,68,825,15724,12179.56667,2011,5,21,0,FALSE,18169
24-05-2011,15936,68,913,14176.42857,12710.76667,2011,5,21,1,FALSE,15936
25-05-2011,13163,65,703,13340.71429,13149.53333,2011,5,21,2,FALSE,13163
26-05-2011,16264,64,547,13075,13153.83333,2011,5,21,3,FALSE,16264
27-05-2011,16209,64,643,13198,13086.86667,2011,5,21,4,FALSE,16209
28-05-2011,0,0,0,13198,12640.33333,2011,5,21,5,TRUE,0
29-05-2011,4067,24,443,11972.57143,12775.9,2011,5,21,6,TRUE,4067
30-05-2011,0,0,0,9377,12775.9,2011,5,22,0,FALSE,0
31-05-2011,11724,54,739,8775.285714,13039.56667,2011,5,22,1,FALSE,11724
01-06-2011,10965,42,822,8461.285714,13405.06667,2011,6,22,2,FALSE,10965
02-06-2011,14586,52,858,8221.571429,13476.13333,2011,6,22,3,FALSE,14586
03-06-2011,7679,44,559,7003,13153.33333,2011,6,22,4,FALSE,7679
04-06-2011,0,0,0,7003,12572.13333,2011,6,22,5,TRUE,0
05-06-2011,13397,67,755,8335.857143,12353.86667,2011,6,22,6,TRUE,13397
06-06-2011,9459,57,736,9687.142857,12669.16667,2011,6,23,0,FALSE,9459
07-06-2011,18731,78,986,10688.14286,12939.5,2011,6,23,1,FALSE,18731
08-06-2011,21260,99,1043,12158.85714,13203.03333,2011,6,23,2,FALSE,21260
09-06-2011,28265,85,990,14113,13485.73333,2011,6,23,3,FALSE,28265
10-06-2011,10669,50,639,14540.14286,13211.56667,2011,6,23,4,FALSE,10669
11-06-2011,0,0,0,14540.14286,11952.43333,2011,6,23,5,TRUE,0
12-06-2011,9457,39,649,13977.28571,11760.43333,2011,6,23,6,TRUE,9457
13-06-2011,11291,59,822,14239,12136.8,2011,6,24,0,FALSE,11291
14-06-2011,14602,57,876,13649.14286,12460.36667,2011,6,24,1,FALSE,14602
15-06-2011,30381,59,906,14952.14286,12939.1,2011,6,24,2,FALSE,30381
16-06-2011,20272,83,852,13810.28571,12722.53333,2011,6,24,3,FALSE,20272
17-06-2011,11753,52,574,13965.14286,12480.53333,2011,6,24,4,FALSE,11753
18-06-2011,0,0,0,13965.14286,11876.4,2011,6,24,5,TRUE,0
19-06-2011,15069,60,721,14766.85714,11867.1,2011,6,24,6,TRUE,15069
20-06-2011,16599,74,997,15525.14286,12420.4,2011,6,25,0,FALSE,16599
21-06-2011,14183,55,843,15465.28571,12471.66667,2011,6,25,1,FALSE,14183
22-06-2011,15818,60,646,13384.85714,12393.3,2011,6,25,2,FALSE,15818
23-06-2011,14670,72,960,12584.57143,12351.1,2011,6,25,3,FALSE,14670
24-06-2011,9981,51,647,12331.42857,12245.03333,2011,6,25,4,FALSE,9981
25-06-2011,0,0,0,12331.42857,11702.9,2011,6,25,5,TRUE,0
26-06-2011,3760,26,536,10715.85714,11287.93333,2011,6,25,6,TRUE,3760
27-06-2011,9898,45,712,9758.571429,11617.86667,2011,6,26,0,FALSE,9898
28-06-2011,21747,55,605,10839.14286,12207.2,2011,6,26,1,FALSE,21747
29-06-2011,12070,42,978,10303.71429,12609.53333,2011,6,26,2,FALSE,12070
30-06-2011,21949,70,939,11343.57143,12950.36667,2011,6,26,3,FALSE,21949
01-07-2011,7641,49,585,11009.28571,12839.56667,2011,7,26,4,FALSE,7641
02-07-2011,0,0,0,11009.28571,12353.36667,2011,7,26,5,TRUE,0
03-07-2011,3091,25,421,10913.71429,12200.43333,2011,7,26,6,TRUE,3091
04-07-2011,15698,52,1100,11742.28571,12723.7,2011,7,27,0,FALSE,15698
05-07-2011,22092,73,1144,11791.57143,13013.53333,2011,7,27,1,FALSE,22092
06-07-2011,19165,70,999,12805.14286,13337.06667,2011,7,27,2,FALSE,19165
07-07-2011,19141,76,1045,12404,13350.73333,2011,7,27,3,FALSE,19141
08-07-2011,12707,65,906,13127.71429,13065.63333,2011,7,27,4,FALSE,12707
09-07-2011,0,0,0,13127.71429,12123.46667,2011,7,27,5,TRUE,0
10-07-2011,4204,24,601,13286.71429,11907.96667,2011,7,27,6,TRUE,4204
11-07-2011,15106,52,926,13202.14286,12411.5,2011,7,28,0,FALSE,15106
12-07-2011,13954,53,976,12039.57143,12561.4,2011,7,28,1,FALSE,13954
13-07-2011,16267,59,946,11625.57143,12727.26667,2011,7,28,2,FALSE,16267
14-07-2011,17524,71,952,11394.57143,12824.66667,2011,7,28,3,FALSE,17524
15-07-2011,7310,42,839,10623.57143,12055.63333,2011,7,28,4,FALSE,7310
16-07-2011,0,0,0,10623.57143,11379.9,2011,7,28,5,TRUE,0
17-07-2011,11019,51,750,11597.14286,11355.43333,2011,7,28,6,TRUE,11019
18-07-2011,15098,65,1185,11596,11858.7,2011,7,29,0,FALSE,15098
19-07-2011,29168,67,851,13769.42857,12328.66667,2011,7,29,1,FALSE,29168
20-07-2011,17676,58,1050,13970.71429,12364.56667,2011,7,29,2,FALSE,17676
21-07-2011,19907,76,869,14311.14286,12555.36667,2011,7,29,3,FALSE,19907
22-07-2011,10270,43,875,14734,12370.43333,2011,7,29,4,FALSE,10270
23-07-2011,0,0,0,14734,11881.43333,2011,7,29,5,TRUE,0
24-07-2011,17661,58,649,15682.85714,12137.43333,2011,7,29,6,TRUE,17661
25-07-2011,16095,59,1020,15825.28571,12673.93333,2011,7,30,0,FALSE,16095
26-07-2011,13709,53,763,13616.85714,13005.56667,2011,7,30,1,FALSE,13709
27-07-2011,13962,48,747,13086.28571,13141.03333,2011,7,30,2,FALSE,13962
28-07-2011,30256,80,858,14564.71429,13424.66667,2011,7,30,3,FALSE,30256
29-07-2011,11559,64,682,14748.85714,13407.63333,2011,7,30,4,FALSE,11559
30-07-2011,0,0,0,14748.85714,12676,2011,7,30,5,TRUE,0
31-07-2011,19413,42,789,14999.14286,13068.4,2011,7,30,6,TRUE,19413
01-08-2011,11669,40,761,14366.85714,13457.36667,2011,8,31,0,FALSE,11669
02-08-2011,15718,44,848,14653.85714,13878.26667,2011,8,31,1,FALSE,15718
03-08-2011,16499,64,856,15016.28571,13904.96667,2011,8,31,2,FALSE,16499
04-08-2011,41143,82,895,16571.57143,14540,2011,8,31,3,FALSE,41143
05-08-2011,12750,55,836,16741.71429,14326.16667,2011,8,31,4,FALSE,12750
06-08-2011,0,0,0,16741.71429,13688.13333,2011,8,31,5,TRUE,0
07-08-2011,5175,30,403,14707.71429,13437.06667,2011,8,31,6,TRUE,5175
08-08-2011,13336,40,823,14945.85714,13881.6,2011,8,32,0,FALSE,13336
09-08-2011,16258,42,652,15023,14283.4,2011,8,32,1,FALSE,16258
10-08-2011,14414,49,827,14725.14286,14260.33333,2011,8,32,2,FALSE,14414
11-08-2011,39228,69,1045,14451.57143,15102.8,2011,8,32,3,FALSE,39228
12-08-2011,11978,51,711,14341.28571,14959.83333,2011,8,32,4,FALSE,11978
13-08-2011,0,0,0,14341.28571,14375.7,2011,8,32,5,TRUE,0
14-08-2011,3172,25,380,14055.14286,14237.76667,2011,8,32,6,TRUE,3172
15-08-2011,10173,48,614,13603.28571,14576.86667,2011,8,33,0,FALSE,10173
16-08-2011,11184,53,662,12878.42857,14582.36667,2011,8,33,1,FALSE,11184
17-08-2011,25649,54,939,14483.42857,14934.06667,2011,8,33,2,FALSE,25649
18-08-2011,34028,69,854,13740.57143,15096.06667,2011,8,33,3,FALSE,34028
19-08-2011,10664,56,556,13552.85714,14862.33333,2011,8,33,4,FALSE,10664
20-08-2011,0,0,0,13552.85714,14198.76667,2011,8,33,5,TRUE,0
21-08-2011,8081,39,656,14254.14286,14125.8,2011,8,33,6,TRUE,8081
22-08-2011,15542,65,732,15021.14286,14643.86667,2011,8,34,0,FALSE,15542
23-08-2011,15172,64,816,15590.85714,14560.9,2011,8,34,1,FALSE,15172
24-08-2011,29360,76,946,16121,15003.06667,2011,8,34,2,FALSE,29360
25-08-2011,13316,74,751,13162.14286,14989.96667,2011,8,34,3,FALSE,13316
26-08-2011,17125,47,623,14085.14286,15095.4,2011,8,34,4,FALSE,17125
27-08-2011,0,0,0,14085.14286,14086.86667,2011,8,34,5,TRUE,0
28-08-2011,6701,37,734,13888,13924.93333,2011,8,34,6,TRUE,6701
29-08-2011,0,0,0,11667.71429,13924.93333,2011,8,35,0,FALSE,0
30-08-2011,10236,41,1304,10962.57143,13619.03333,2011,8,35,1,FALSE,10236
31-08-2011,12449,47,785,8546.714286,13645.03333,2011,8,35,2,FALSE,12449
01-09-2011,27850,76,774,10623,14049.43333,2011,9,35,3,FALSE,27850
02-09-2011,18433,74,1120,10809.85714,14113.9,2011,9,35,4,FALSE,18433
03-09-2011,0,0,0,10809.85714,12742.46667,2011,9,35,5,TRUE,0
04-09-2011,10920,50,821,11412.57143,12681.46667,2011,9,35,6,TRUE,10920
05-09-2011,22742,68,885,14661.42857,13439.53333,2011,9,36,0,FALSE,22742
06-09-2011,15070,64,706,15352,13769.36667,2011,9,36,1,FALSE,15070
07-09-2011,16390,52,1086,15915,13871.16667,2011,9,36,2,FALSE,16390
08-09-2011,17404,76,933,14422.71429,13909.36667,2011,9,36,3,FALSE,17404
09-09-2011,17358,62,911,14269.14286,14007.5,2011,9,36,4,FALSE,17358
10-09-2011,0,0,0,14269.14286,12699.9,2011,9,36,5,TRUE,0
11-09-2011,20906,75,1017,15695.71429,12997.5,2011,9,36,6,TRUE,20906
12-09-2011,16824,68,901,14850.28571,13558.3,2011,9,37,0,FALSE,16824
13-09-2011,36519,67,1095,17914.42857,14669.86667,2011,9,37,1,FALSE,36519
14-09-2011,14186,68,849,17599.57143,14803.63333,2011,9,37,2,FALSE,14186
15-09-2011,29281,83,1007,19296.28571,15406.86667,2011,9,37,3,FALSE,29281
16-09-2011,15051,50,800,18966.71429,15053.6,2011,9,37,4,FALSE,15051
17-09-2011,0,0,0,18966.71429,13919.33333,2011,9,37,5,TRUE,0
18-09-2011,8937,27,829,17256.85714,13861.76667,2011,9,37,6,TRUE,8937
19-09-2011,29248,71,765,19031.71429,14836.7,2011,9,38,0,FALSE,29248
20-09-2011,43683,70,895,20055.14286,16023.43333,2011,9,38,1,FALSE,43683
21-09-2011,22312,75,1329,21216,16249.1,2011,9,38,2,FALSE,22312
22-09-2011,33144,112,1193,21767.85714,16848.16667,2011,9,38,3,FALSE,33144
23-09-2011,21872,64,1271,22742.28571,16598.56667,2011,9,38,4,FALSE,21872
24-09-2011,0,0,0,22742.28571,16154.7,2011,9,38,5,TRUE,0
25-09-2011,19424,75,979,24240.42857,16231.33333,2011,9,38,6,TRUE,19424
26-09-2011,15249,66,900,22240.57143,16739.63333,2011,9,39,0,FALSE,15249
27-09-2011,21231,80,1006,19033.14286,17223.96667,2011,9,39,1,FALSE,21231
28-09-2011,25530,85,1299,19492.85714,18074.96667,2011,9,39,2,FALSE,25530
29-09-2011,27456,105,1134,18680.28571,18648.96667,2011,9,39,3,FALSE,27456
30-09-2011,22553,74,970,18777.57143,18985.76667,2011,9,39,4,FALSE,22553
01-10-2011,0,0,0,18777.57143,18057.43333,2011,10,39,5,TRUE,0
02-10-2011,8332,35,862,17193,17720.73333,2011,10,39,6,TRUE,8332
03-10-2011,25942,68,1088,18720.57143,18585.46667,2011,10,40,0,FALSE,25942
04-10-2011,25284,81,1190,19299.57143,19064.26667,2011,10,40,1,FALSE,25284
05-10-2011,46222,96,1104,22255.57143,19846.93333,2011,10,40,2,FALSE,46222
06-10-2011,35367,122,1253,23385.71429,20523.5,2011,10,40,3,FALSE,35367
07-10-2011,30914,88,1068,24580.14286,21007.63333,2011,10,40,4,FALSE,30914
08-10-2011,0,0,0,24580.14286,20427.5,2011,10,40,5,TRUE,0
09-10-2011,7285,39,798,24430.57143,20091.73333,2011,10,40,6,TRUE,7285
10-10-2011,26121,100,1323,24456.14286,20962.43333,2011,10,41,0,FALSE,26121
11-10-2011,28477,82,1227,24912.28571,21214.8,2011,10,41,1,FALSE,28477
12-10-2011,17639,88,1061,20829,21241.96667,2011,10,41,2,FALSE,17639
13-10-2011,18681,77,1164,18445.28571,20647.36667,2011,10,41,3,FALSE,18681
14-10-2011,18134,74,991,16619.57143,20778.96667,2011,10,41,4,FALSE,18134
15-10-2011,0,0,0,16619.57143,19802.93333,2011,10,41,5,TRUE,0
16-10-2011,8649,35,800,16814.42857,19589.53333,2011,10,41,6,TRUE,8649
17-10-2011,31319,89,1339,17557,20633.5,2011,10,42,0,FALSE,31319
18-10-2011,29285,84,1236,17672.42857,21311.76667,2011,10,42,1,FALSE,29285
19-10-2011,19178,85,1186,17892.28571,20976.1,2011,10,42,2,FALSE,19178
20-10-2011,40855,89,1146,21060,20881.83333,2011,10,42,3,FALSE,40855
21-10-2011,24779,64,802,22009.28571,20964.06667,2011,10,42,4,FALSE,24779
22-10-2011,0,0,0,22009.28571,19859.26667,2011,10,42,5,TRUE,0
23-10-2011,6953,42,969,21767,19361.96667,2011,10,42,6,TRUE,6953
24-10-2011,25922,78,1326,20996,20226.03333,2011,10,43,0,FALSE,25922
25-10-2011,26818,77,1131,20643.57143,20472.5,2011,10,43,1,FALSE,26818
26-10-2011,20617,95,1049,20849.14286,20651.43333,2011,10,43,2,FALSE,20617
27-10-2011,32761,106,1135,19692.85714,21035.76667,2011,10,43,3,FALSE,32761
28-10-2011,23998,78,858,19581.28571,20984.7,2011,10,43,4,FALSE,23998
29-10-2011,0,0,0,19581.28571,20069.5,2011,10,43,5,TRUE,0
30-10-2011,19943,96,1213,21437,19982.5,2011,10,43,6,TRUE,19943
31-10-2011,21554,72,1599,20813,20700.96667,2011,10,44,0,FALSE,21554
01-11-2011,16546,77,886,19345.57143,20974.76667,2011,11,44,1,FALSE,16546
02-11-2011,28488,85,1238,20470,21059.63333,2011,11,44,2,FALSE,28488
03-11-2011,34314,103,1205,20691.85714,21360.63333,2011,11,44,3,FALSE,34314
04-11-2011,35144,94,1262,22284.14286,20991.36667,2011,11,44,4,FALSE,35144
05-11-2011,0,0,0,22284.14286,19812.46667,2011,11,44,5,TRUE,0
06-11-2011,23089,102,1312,22733.57143,19551.63333,2011,11,44,6,TRUE,23089
07-11-2011,31299,93,1048,24125.71429,20594.93333,2011,11,45,0,FALSE,31299
08-11-2011,26366,108,1477,25528.57143,21230.96667,2011,11,45,1,FALSE,26366
09-11-2011,38139,119,1245,26907.28571,21631.56667,2011,11,45,2,FALSE,38139
10-11-2011,38079,129,1305,27445.14286,21951.63333,2011,11,45,3,FALSE,38079
11-11-2011,28967,105,1533,26562.71429,22329.23333,2011,11,45,4,FALSE,28967
12-11-2011,0,0,0,26562.71429,21706.53333,2011,11,45,5,TRUE,0
13-11-2011,20686,87,1259,26219.42857,21791.6,2011,11,45,6,TRUE,20686
14-11-2011,47236,107,1416,28496.14286,23366.13333,2011,11,46,0,FALSE,47236
15-11-2011,30318,108,1456,29060.71429,24088.43333,2011,11,46,1,FALSE,30318
16-11-2011,32955,130,1516,28320.14286,24142.96667,2011,11,46,2,FALSE,32955
17-11-2011,31596,137,1439,27394,24220,2011,11,46,3,FALSE,31596
18-11-2011,23921,108,1239,26673.14286,24378.1,2011,11,46,4,FALSE,23921
19-11-2011,0,0,0,26673.14286,23016.26667,2011,11,46,5,TRUE,0
20-11-2011,19107,100,1285,26447.57143,22827.2,2011,11,46,6,TRUE,19107
21-11-2011,25705,100,1259,23371.71429,23684.03333,2011,11,47,0,FALSE,25705
22-11-2011,35367,135,1504,24093,24631.16667,2011,11,47,1,FALSE,35367
23-11-2011,39295,131,1408,24998.71429,25076.93333,2011,11,47,2,FALSE,39295
24-11-2011,26396,113,1510,24255.85714,25062.86667,2011,11,47,3,FALSE,26396
25-11-2011,18923,83,1378,23541.85714,25006.4,2011,11,47,4,FALSE,18923
26-11-2011,0,0,0,23541.85714,23914.36667,2011,11,47,5,TRUE,0
27-11-2011,10942,57,1123,22375.42857,23479.16667,2011,11,47,6,TRUE,10942
28-11-2011,29334,115,1442,22893.85714,24456.96667,2011,11,48,0,FALSE,29334
29-11-2011,30809,135,1557,22242.71429,24819.16667,2011,11,48,1,FALSE,30809
30-11-2011,28356,108,1381,20680,25045.9,2011,11,48,2,FALSE,28356
01-12-2011,27004,121,1252,20766.85714,25394.5,2011,12,48,3,FALSE,27004
02-12-2011,28690,120,1314,22162.14286,25401.23333,2011,12,48,4,FALSE,28690
03-12-2011,0,0,0,22162.14286,24257.43333,2011,12,48,5,TRUE,0
04-12-2011,12296,66,1038,22355.57143,23495.83333,2011,12,48,6,TRUE,12296
05-12-2011,44497,127,1767,24521.71429,24979.06667,2011,12,49,0,FALSE,44497
06-12-2011,30377,115,1421,24460,25222,2011,12,49,1,FALSE,30377
07-12-2011,41789,106,1113,26379,25571.66667,2011,12,49,2,FALSE,41789
08-12-2011,35010,120,1665,27522.71429,25859.8,2011,12,49,3,FALSE,35010
09-12-2011,57628.5,44,1082,36845.57143,27720.16667,2011,12,49,4,FALSE,93950
