Date,Total_Revenue,Total_Quantity,Invoice_Count,SKU_Count,Avg_Price,Country_Diversity,Rolling_7_Day_Demand,Rolling_30_Day_Demand,Year,Quarter,Month,Day_Of_Week,Is_Weekend
01-12-2009,54351.23,26098,119,1328,4.530114081,8,26098,26098,2009,4,12,1,FALSE
02-12-2009,63172.58,31804,115,1392,4.080342893,4,28951,28951,2009,4,12,2,FALSE
03-12-2009,73972.45,49221,124,1321,3.784029342,4,35707.66667,35707.66667,2009,4,12,3,FALSE
04-12-2009,40582.32,21210,89,1252,3.798572005,5,32083.25,32083.25,2009,4,12,4,FALSE
05-12-2009,9803.05,5119,30,285,3.60815,2,26690.4,26690.4,2009,4,12,5,TRUE
06-12-2009,24423.02,11533,74,966,3.300058729,4,24164.16667,24164.16667,2009,4,12,6,TRUE
07-12-2009,44916.21,17955,101,1338,4.48221826,7,23277.14286,23277.14286,2009,4,12,0,FALSE
08-12-2009,49476.23,23143,109,1129,3.922101882,6,22855,23260.375,2009,4,12,1,FALSE
09-12-2009,40265.66,17840,88,1297,4.60970211,3,20860.14286,22658.11111,2009,4,12,2,FALSE
10-12-2009,44233.96,23579,92,1212,4.43937659,4,17197,22750.2,2009,4,12,3,FALSE
11-12-2009,39447.89,21268,70,840,3.059872431,1,17205.28571,22615.45455,2009,4,12,4,FALSE
12-12-2009,0,0,0,0,3.059872431,0,16474,20730.83333,2009,4,12,5,TRUE
13-12-2009,22176.46,12517,71,978,2.82182659,5,16614.57143,20099,2009,4,12,6,TRUE
14-12-2009,73174.39,45332,90,1584,4.870902778,3,20525.57143,21901.35714,2009,4,12,0,FALSE
15-12-2009,50262.29,27064,98,1025,3.953152785,3,21085.71429,22245.53333,2009,4,12,1,FALSE
16-12-2009,52545.55,24891,98,1420,4.961134863,5,22093,22410.875,2009,4,12,2,FALSE
17-12-2009,30638.25,15413,104,1037,3.395726073,4,20926.42857,21999.23529,2009,4,12,3,FALSE
18-12-2009,42470.29,17402,68,1119,5.37631996,6,20374.14286,21743.83333,2009,4,12,4,FALSE
19-12-2009,0,0,0,0,5.37631996,0,20374.14286,20599.42105,2009,4,12,5,TRUE
20-12-2009,11382.54,6245,34,464,3.060289389,3,19478.14286,19881.7,2009,4,12,6,TRUE
21-12-2009,16322.95,8771,41,454,3.509616667,4,14255.14286,19352.61905,2009,4,12,0,FALSE
22-12-2009,28017.28,14478,45,1024,7.120803039,2,12457.14286,19131.04545,2009,4,12,1,FALSE
23-12-2009,10849.35,4578,22,369,4.177323136,2,9555.285714,18498.30435,2009,4,12,2,FALSE
24-12-2009,0,0,0,0,4.177323136,0,7353.428571,17727.54167,2009,4,12,3,FALSE
25-12-2009,0,0,0,0,4.177323136,0,4867.428571,17018.44,2009,4,12,4,FALSE
26-12-2009,0,0,0,0,4.177323136,0,4867.428571,16363.88462,2009,4,12,5,TRUE
27-12-2009,0,0,0,0,4.177323136,0,3975.285714,15757.81481,2009,4,12,6,TRUE
28-12-2009,0,0,0,0,4.177323136,0,2722.285714,15195.03571,2009,4,12,0,FALSE
29-12-2009,0,0,0,0,4.177323136,0,654,14671.06897,2009,4,12,1,FALSE
30-12-2009,0,0,0,0,4.177323136,0,0,14182.03333,2009,4,12,2,FALSE
31-12-2009,0,0,0,0,4.177323136,0,0,13312.1,2009,4,12,3,FALSE
01-01-2010,0,0,0,0,4.177323136,0,0,12251.96667,2010,1,1,4,FALSE
02-01-2010,0,0,0,0,4.177323136,0,0,10611.26667,2010,1,1,5,TRUE
03-01-2010,0,0,0,0,4.177323136,0,0,9904.266667,2010,1,1,6,TRUE
04-01-2010,13445.8,10646,29,479,2.878266667,1,1520.857143,10088.5,2010,1,1,0,FALSE
05-01-2010,19114.34,11296,36,620,3.264672586,1,3134.571429,10080.6,2010,1,1,1,FALSE
06-01-2010,8736.75,7459,14,249,3.297628866,1,4200.142857,9730.733333,2010,1,1,2,FALSE
07-01-2010,73039.89,40614,47,656,3.109541752,5,10002.14286,10313.1,2010,1,1,3,FALSE
08-01-2010,30293.95,12695,45,500,5.899659091,4,11815.71429,10141.6,2010,1,1,4,FALSE
09-01-2010,0,0,0,0,5.899659091,0,11815.71429,9355.633333,2010,1,1,5,TRUE
10-01-2010,23597.85,13383,34,487,2.927695652,2,13727.57143,9092.8,2010,1,1,6,TRUE
11-01-2010,37886.41,13980,56,1067,5.385900038,7,14203.85714,9558.8,2010,1,1,0,FALSE
12-01-2010,40786.98,21264,39,766,3.454374412,3,15627.85714,9850.366667,2010,1,1,1,FALSE
13-01-2010,22470.18,8835,30,902,5.508058561,4,15824.42857,8633.8,2010,1,1,2,FALSE
14-01-2010,31550.9,13784,58,1038,4.338970315,3,11991.57143,8191.133333,2010,1,1,3,FALSE
15-01-2010,13507.9,8419,46,430,3.16200313,6,11380.71429,7642.066667,2010,1,1,4,FALSE
16-01-2010,0,0,0,0,3.16200313,0,11380.71429,7128.3,2010,1,1,5,TRUE
17-01-2010,17393.2,9911,40,683,3.103528319,1,10884.71429,6878.6,2010,1,1,6,TRUE
18-01-2010,21397.71,10333,40,1002,4.683127331,2,10363.71429,7223.033333,2010,1,1,0,FALSE
19-01-2010,33233.881,15274,47,1065,4.256453749,5,9508,7524,2010,1,1,1,FALSE
20-01-2010,19018.04,9477,37,761,5.254289568,3,9599.714286,7547.533333,2010,1,1,2,FALSE
21-01-2010,27359.23,72900,48,732,3.070332458,4,18044.85714,9494.933333,2010,1,1,3,FALSE
22-01-2010,36786.17,18573,45,862,5.046867718,5,19495.42857,9961.433333,2010,1,1,4,FALSE
23-01-2010,0,0,0,0,5.046867718,0,19495.42857,9961.433333,2010,1,1,5,TRUE
24-01-2010,15930.84,8846,50,705,3.178934093,2,19343.28571,10256.3,2010,1,1,6,TRUE
25-01-2010,22994.15,10038,57,905,4.169170702,3,19301.14286,10590.9,2010,1,1,0,FALSE
26-01-2010,47166.99,22968,93,814,9.441220339,12,20400.28571,11356.5,2010,1,1,1,FALSE
27-01-2010,28668.3,17837,56,870,4.127813121,4,21594.57143,11951.06667,2010,1,1,2,FALSE
28-01-2010,19816.87,11243,56,717,2.976590525,2,12786.42857,12325.83333,2010,1,1,3,FALSE
29-01-2010,28358.431,10162,49,689,11.61502259,2,11584.85714,12664.56667,2010,1,1,4,FALSE
30-01-2010,0,0,0,0,11.61502259,0,11584.85714,12664.56667,2010,1,1,5,TRUE
31-01-2010,18600.35,10735,53,793,2.757342606,5,11854.71429,13022.4,2010,1,1,6,TRUE
01-02-2010,19784.231,9251,66,833,4.481317484,6,11742.28571,13330.76667,2010,1,2,0,FALSE
02-02-2010,21513.02,11094,46,734,3.411424779,3,10046,13700.56667,2010,1,2,1,FALSE
03-02-2010,21414.701,10285,49,856,4.113739343,6,8967.142857,13688.53333,2010,1,2,2,FALSE
04-02-2010,22500.71,12798,64,819,3.171367925,4,9189.285714,13738.6,2010,1,2,3,FALSE
05-02-2010,21844.6,10342,40,612,4.426940299,2,9215,13834.7,2010,1,2,4,FALSE
06-02-2010,0,0,0,0,4.426940299,0,9215,12480.9,2010,1,2,5,TRUE
07-02-2010,17026.83,11186,30,543,2.738955975,5,9279.428571,12430.6,2010,1,2,6,TRUE
08-02-2010,17407,8616,60,784,4.454795764,4,9188.714286,12717.8,2010,1,2,0,FALSE
09-02-2010,19618.82,10891,54,667,3.401698656,4,9159.714286,12634.73333,2010,1,2,1,FALSE
10-02-2010,9542.04,3761,31,615,4.693242925,4,8227.714286,12294.1,2010,1,2,2,FALSE
11-02-2010,15080.27,9035,56,511,3.458195303,4,7690.142857,11886.46667,2010,1,2,3,FALSE
12-02-2010,11380.41,7652,32,571,3.850807292,3,7305.857143,11847.03333,2010,1,2,4,FALSE
13-02-2010,0,0,0,0,3.850807292,0,7305.857143,11387.56667,2010,1,2,5,TRUE
14-02-2010,17785.58,10895,46,706,2.980225694,3,7264.285714,11470.1,2010,1,2,6,TRUE
15-02-2010,42469.531,96425,45,567,4.681236842,6,19808.42857,14684.26667,2010,1,2,0,FALSE
16-02-2010,31144.43,16711,61,1051,4.188381257,3,20639.85714,14910.93333,2010,1,2,1,FALSE
17-02-2010,26512.72,25014,49,648,3.11604,3,23676,15400.3,2010,1,2,2,FALSE
18-02-2010,35750.14,19853,63,773,2.889231355,3,25221.42857,15552.93333,2010,1,2,3,FALSE
19-02-2010,27225.01,12611,58,921,4.870383663,1,25929.85714,15657.4,2010,1,2,4,FALSE
20-02-2010,0,0,0,0,4.870383663,0,25929.85714,13227.4,2010,1,2,5,TRUE
21-02-2010,11394.731,5555,37,584,3.319493936,3,25167,12793.46667,2010,1,2,6,TRUE
22-02-2010,26353.58,13427,48,666,3.327190605,6,13310.14286,13241.03333,2010,1,2,0,FALSE
23-02-2010,22651.17,11873,47,733,3.604411248,4,12619,13341.93333,2010,1,2,1,FALSE
24-02-2010,33065.091,22454,63,782,3.872287348,4,12253.28571,13755.8,2010,1,2,2,FALSE
25-02-2010,46615.67,26312,67,856,3.331250836,3,13176,13867.26667,2010,1,2,3,FALSE
26-02-2010,16682.951,7419,36,684,4.727771984,2,12434.28571,13520,2010,1,2,4,FALSE
27-02-2010,0,0,0,0,4.727771984,0,12434.28571,13145.23333,2010,1,2,5,TRUE
28-02-2010,16741.49,8419,53,736,3.062534082,3,12843.42857,13087.13333,2010,1,2,6,TRUE
01-03-2010,25782.41,21448,58,777,3.750751494,4,13989.28571,13802.06667,2010,1,3,0,FALSE
02-03-2010,26384.14,11897,55,929,4.320444003,5,13992.71429,13840.8,2010,1,3,1,FALSE
03-03-2010,34058.37,20381,63,1014,3.545775558,6,13696.57143,14211.8,2010,1,3,2,FALSE
04-03-2010,32298.39,18546,74,989,3.729313099,5,12587.14286,14460.2,2010,1,3,3,FALSE
05-03-2010,27536.73,18260,81,771,4.023706966,6,14135.85714,14726.03333,2010,1,3,4,FALSE
06-03-2010,0,0,0,0,4.023706966,0,14135.85714,14299.43333,2010,1,3,5,TRUE
07-03-2010,19805.55,10927,58,1076,3.440579039,2,14494.14286,14318.93333,2010,1,3,6,TRUE
08-03-2010,37254.31,15620,76,1042,4.954454829,6,13661.57143,14839.6,2010,1,3,0,FALSE
09-03-2010,21999.6,12353,57,736,4.03501301,5,13726.71429,14878.5,2010,1,3,1,FALSE
10-03-2010,27453.03,18013,61,924,4.005459807,4,13388.42857,15191.73333,2010,1,3,2,FALSE
11-03-2010,24495.36,14179,48,839,4.173021243,2,12764.57143,15301.33333,2010,1,3,3,FALSE
12-03-2010,21689.34,11029,36,646,4.049568584,5,11731.57143,15543.6,2010,1,3,4,FALSE
13-03-2010,0,0,0,0,4.049568584,0,11731.57143,15242.43333,2010,1,3,5,TRUE
14-03-2010,8947.9,4927,24,447,2.681941448,2,10874.42857,15151.6,2010,1,3,6,TRUE
15-03-2010,27587.701,15166,57,958,4.532176112,6,10809.57143,15657.13333,2010,1,3,0,FALSE
16-03-2010,23955.88,12845,45,780,3.702871674,4,10879.85714,15722.13333,2010,1,3,1,FALSE
17-03-2010,30719.54,78859,48,768,3.297196187,4,19572.14286,15136.6,2010,1,3,2,FALSE
18-03-2010,41086.47,23659,86,840,3.900431423,5,20926.42857,15368.2,2010,1,3,3,FALSE
19-03-2010,45641.61,13368,62,746,20.01602679,6,21260.57143,14980,2010,1,3,4,FALSE
20-03-2010,0,0,0,0,20.01602679,0,21260.57143,14318.23333,2010,1,3,5,TRUE
21-03-2010,20522.53,12281,56,795,2.855954717,3,22311.14286,14307.23333,2010,1,3,6,TRUE
22-03-2010,25441.66,12821,56,859,3.981510989,4,21976.14286,14734.6,2010,1,3,0,FALSE
23-03-2010,56400.48,54452,71,745,22.41488226,5,27920,16364.5,2010,1,3,1,FALSE
24-03-2010,30118.4,14409,73,843,4.869179207,7,18712.85714,16397.23333,2010,1,3,2,FALSE
25-03-2010,38826.8,17094,85,939,6.947605711,7,17775,16571.26667,2010,1,3,3,FALSE
26-03-2010,32523.46,20924,62,876,3.643819393,4,18854.42857,16520.26667,2010,1,3,4,FALSE
27-03-2010,0,0,0,0,3.643819393,0,18854.42857,15643.2,2010,1,3,5,TRUE
28-03-2010,22402,14517,59,902,2.586705751,1,19173.85714,15879.8,2010,1,3,6,TRUE
29-03-2010,59864.07,25151,85,1024,4.059186824,2,20935.28571,16718.16667,2010,1,3,0,FALSE
30-03-2010,38506,19258,70,987,3.926039933,3,15907.57143,17079.46667,2010,1,3,1,FALSE
31-03-2010,29613.53,13642,75,946,4.167036836,1,15798,16819.26667,2010,1,3,2,FALSE
01-04-2010,30768,17291,79,903,3.75440048,5,15826.14286,16999.06667,2010,2,4,3,FALSE
02-04-2010,0,0,0,0,3.75440048,0,12837,16319.7,2010,2,4,4,FALSE
03-04-2010,0,0,0,0,3.75440048,0,12837,15701.5,2010,2,4,5,TRUE
04-04-2010,0,0,0,0,3.75440048,0,10763.14286,15092.83333,2010,2,4,6,TRUE
05-04-2010,0,0,0,0,3.75440048,0,7170.142857,15092.83333,2010,2,4,0,FALSE
06-04-2010,19394.87,13022,55,689,3.528259643,2,6279.285714,15162.66667,2010,2,4,1,FALSE
07-04-2010,34542.31,23528,61,822,3.538176471,5,7691.571429,15426.26667,2010,2,4,2,FALSE
08-04-2010,47554.84,26803,86,1015,3.616360424,4,9050.428571,15907.93333,2010,2,4,3,FALSE
09-04-2010,16949.62,9120,51,595,3.801900552,4,10353.28571,15611.5,2010,2,4,4,FALSE
10-04-2010,0,0,0,0,3.801900552,0,10353.28571,15138.86667,2010,2,4,5,TRUE
11-04-2010,19732.05,11585,42,662,2.856945996,3,12008.28571,15157.4,2010,2,4,6,TRUE
12-04-2010,27122.851,12839,46,587,3.474283711,4,13842.42857,15585.36667,2010,2,4,0,FALSE
13-04-2010,25966.67,14446,52,728,3.219053834,4,14045.85714,15902.66667,2010,2,4,1,FALSE
14-04-2010,27064.35,16329,45,616,3.058626168,4,13017.42857,15941.43333,2010,2,4,2,FALSE
15-04-2010,29559.63,10769,74,653,12.2820336,3,10726.85714,15872.23333,2010,2,4,3,FALSE
16-04-2010,19508.45,14865,42,582,2.956599526,6,11547.57143,13739.1,2010,2,4,4,FALSE
17-04-2010,0,0,0,0,2.956599526,0,11547.57143,12950.46667,2010,2,4,5,TRUE
18-04-2010,23934.46,12961,54,751,3.395273109,4,11744.14286,12936.9,2010,2,4,6,TRUE
19-04-2010,45228.87,19363,74,1247,5.010594315,4,12676.14286,13582.33333,2010,2,4,0,FALSE
20-04-2010,29083.36,13464,68,827,6.341074766,4,12535.85714,13621.76667,2010,2,4,1,FALSE
21-04-2010,29380.61,13264,66,727,5.100611455,7,12098,13636.53333,2010,2,4,2,FALSE
22-04-2010,43480.08,21576,79,755,7.680120824,5,13641.85714,12540.66667,2010,2,4,3,FALSE
23-04-2010,16582.71,10212,57,660,3.485411449,3,12977.14286,12400.76667,2010,2,4,4,FALSE
24-04-2010,0,0,0,0,3.485411449,0,12977.14286,11830.96667,2010,2,4,5,TRUE
25-04-2010,16574.53,8380,46,729,3.275240683,3,12322.71429,11412.83333,2010,2,4,6,TRUE
26-04-2010,36086.35,19555,99,915,4.493076923,3,12350.14286,12064.66667,2010,2,4,0,FALSE
27-04-2010,46110.74,23403,79,832,3.285199264,3,13770,12360.86667,2010,2,4,1,FALSE
28-04-2010,32452.69,19380,73,901,3.296995439,6,14643.71429,12168.5,2010,2,4,2,FALSE
29-04-2010,32709.821,17039,84,1033,3.659525263,5,13995.57143,12094.53333,2010,2,4,3,FALSE
30-04-2010,29087.39,17511,50,726,4.802459983,5,15038.28571,12223.5,2010,2,4,4,FALSE
01-05-2010,0,0,0,0,4.802459983,0,15038.28571,11647.13333,2010,2,5,5,TRUE
02-05-2010,12342.17,6296,40,530,2.783417569,4,14740.57143,11857,2010,2,5,6,TRUE
03-05-2010,0,0,0,0,2.783417569,0,11947,11857,2010,2,5,0,FALSE
04-05-2010,22701.79,11192,52,806,4.855556358,4,10202.57143,12230.06667,2010,2,5,1,FALSE
05-05-2010,28100.92,15625,82,803,4.527984032,3,9666.142857,12750.9,2010,2,5,2,FALSE
06-05-2010,54582.2,31089,84,945,4.094563725,6,11673.28571,13353.13333,2010,2,5,3,FALSE
07-05-2010,35744.13,23171,66,797,3.082914459,2,12481.85714,13341.23333,2010,2,5,4,FALSE
08-05-2010,0,0,0,0,3.082914459,0,12481.85714,12447.8,2010,2,5,5,TRUE
09-05-2010,22852.06,11825,62,895,2.961963335,3,13271.71429,12537.96667,2010,2,5,6,TRUE
10-05-2010,32905.93,15713,77,906,5.239833653,6,15516.42857,13061.73333,2010,2,5,0,FALSE
11-05-2010,28722.09,18150,65,909,3.857122956,7,16510.42857,13280.56667,2010,2,5,1,FALSE
12-05-2010,31357.44,21669,65,739,3.657772358,6,17373.85714,13574.9,2010,2,5,2,FALSE
13-05-2010,41041.6,26817,66,767,3.951604845,6,16763.57143,13987.26667,2010,2,5,3,FALSE
14-05-2010,18873.96,14348,49,553,4.021421384,1,15503.14286,13921.23333,2010,2,5,4,FALSE
15-05-2010,0,0,0,0,4.021421384,0,15503.14286,13562.26667,2010,2,5,5,TRUE
16-05-2010,18370.09,11028,44,829,3.031240627,3,15389.28571,13434.36667,2010,2,5,6,TRUE
17-05-2010,25513.64,13811,49,771,3.690629164,4,15117.57143,13894.73333,2010,2,5,0,FALSE
18-05-2010,28911.53,22477,64,818,3.983583219,4,15735.71429,14211.93333,2010,2,5,1,FALSE
19-05-2010,17696.18,9644,61,705,3.757698962,2,14017.85714,13887.96667,2010,2,5,2,FALSE
20-05-2010,25679.04,15590,67,844,3.204150223,4,12414,13958.83333,2010,2,5,3,FALSE
21-05-2010,27275.22,10076,52,797,4.575981087,7,11803.71429,13852.56667,2010,2,5,4,FALSE
22-05-2010,0,0,0,0,4.575981087,0,11803.71429,13133.36667,2010,2,5,5,TRUE
23-05-2010,25127.13,13889,49,677,3.488693624,4,12212.42857,13255.93333,2010,2,5,6,TRUE
24-05-2010,35787.18,32771,71,748,3.452530554,6,14921,14348.3,2010,2,5,0,FALSE
25-05-2010,22364.37,15014,61,760,3.759534712,5,13854.85714,14569.43333,2010,2,5,1,FALSE
26-05-2010,38397.29,18921,96,897,6.115233333,6,15180.14286,14548.3,2010,2,5,2,FALSE
27-05-2010,30802.74,17905,88,930,3.105837947,2,15510.85714,14365.03333,2010,2,5,3,FALSE
28-05-2010,21823.33,12627,58,715,4.253757372,3,15875.28571,14139.93333,2010,2,5,4,FALSE
29-05-2010,0,0,0,0,4.253757372,0,15875.28571,13571.96667,2010,2,5,5,TRUE
30-05-2010,10733.47,6220,32,560,2.938192308,1,14779.71429,13195.6,2010,2,5,6,TRUE
31-05-2010,0,0,0,0,2.938192308,0,10098.14286,13195.6,2010,2,5,0,FALSE
01-06-2010,15634.28,8287,47,757,3.468968121,3,9137.142857,13261.96667,2010,2,6,1,FALSE
02-06-2010,16172.54,11808,46,667,3.778166311,2,8121,13655.56667,2010,2,6,2,FALSE
03-06-2010,29509.13,17585,67,913,3.396867246,5,8075.285714,13868.66667,2010,2,6,3,FALSE
04-06-2010,21251.2,8167,51,812,5.433250548,4,7438.142857,13620.06667,2010,2,6,4,FALSE
05-06-2010,0,0,0,0,5.433250548,0,7438.142857,12583.76667,2010,2,6,5,TRUE
06-06-2010,25457.15,14079,68,965,3.103474222,3,8560.857143,12280.7,2010,2,6,6,TRUE
07-06-2010,49454.92,29457,103,1163,3.583544849,3,12769,13262.6,2010,2,6,0,FALSE
08-06-2010,54216.99,25848,81,1047,5.27675137,3,15277.71429,13730.03333,2010,2,6,1,FALSE
09-06-2010,38298.77,25410,68,765,3.169210337,6,17220.85714,14053.26667,2010,2,6,2,FALSE
10-06-2010,18308.72,9683,66,589,3.833212487,3,16092,13771.03333,2010,2,6,3,FALSE
11-06-2010,37676.65,21405,86,925,6.224477086,5,17983.14286,13762.23333,2010,2,6,4,FALSE
12-06-2010,0,0,0,0,6.224477086,0,17983.14286,12868.33333,2010,2,6,5,TRUE
13-06-2010,21430.49,11120,70,834,3.228028169,3,17560.42857,12760.73333,2010,2,6,6,TRUE
14-06-2010,24304.27,16206,57,928,3.549878127,4,15667.42857,13300.93333,2010,2,6,0,FALSE
15-06-2010,30506.86,19496,52,863,3.588793672,3,14760,13583.2,2010,2,6,1,FALSE
16-06-2010,31259.33,18986,81,954,3.382172949,4,13842.28571,13755.7,2010,2,6,2,FALSE
17-06-2010,58048.51,13238,78,850,22.78605642,5,14350.14286,13447.73333,2010,2,6,3,FALSE
18-06-2010,18789.03,9608,50,599,3.571338251,3,12664.85714,13446.53333,2010,2,6,4,FALSE
19-06-2010,0,0,0,0,3.571338251,0,12664.85714,12926.86667,2010,2,6,5,TRUE
20-06-2010,9078.58,4487,26,333,3.573425926,3,11717.28571,12740.56667,2010,2,6,6,TRUE
21-06-2010,21029.62,12061,44,1000,3.271349342,2,11125.14286,13142.6,2010,2,6,0,FALSE
22-06-2010,14732.58,6978,43,667,4.249628887,7,9336.857143,12912.23333,2010,2,6,1,FALSE
23-06-2010,27848.74,16258,68,763,3.727563577,6,8947.142857,12361.8,2010,2,6,2,FALSE
24-06-2010,26678.78,11306,73,737,6.305145763,8,8671.142857,12238.2,2010,2,6,3,FALSE
25-06-2010,17713.37,7997,45,787,4.695004184,3,8441,11874.06667,2010,2,6,4,FALSE
26-06-2010,0,0,0,0,4.695004184,0,8441,11277.23333,2010,2,6,5,TRUE
27-06-2010,18706.92,10851,55,748,3.234743276,1,9350.142857,11218.03333,2010,2,6,6,TRUE
28-06-2010,53860.73,34536,70,920,3.576139868,8,12560.85714,12369.23333,2010,2,6,0,FALSE
29-06-2010,34957.49,20923,71,853,3.818136882,6,14553,12859.33333,2010,2,6,1,FALSE
30-06-2010,34611.66,21040,79,922,3.709091413,6,15236.14286,13560.66667,2010,2,6,2,FALSE
01-07-2010,30179.58,16493,85,895,3.398489409,7,15977.14286,13834.2,2010,3,7,3,FALSE
02-07-2010,16841.17,8709,47,635,3.145719844,3,16078.85714,13730.9,2010,3,7,4,FALSE
03-07-2010,0,0,0,0,3.145719844,0,16078.85714,13144.73333,2010,3,7,5,TRUE
04-07-2010,10376.29,5302,21,463,3.339614198,1,15286.14286,13049.23333,2010,3,7,6,TRUE
05-07-2010,32789.4,16630,85,795,3.371050375,6,12728.14286,13603.56667,2010,3,7,0,FALSE
06-07-2010,23500.04,11962,58,681,4.161607306,7,11448,13533,2010,3,7,1,FALSE
07-07-2010,32201.52,14692,77,910,4.901359393,5,10541.14286,13040.83333,2010,3,7,2,FALSE
08-07-2010,20254.39,11756,70,773,3.734012346,4,9864.428571,12571.1,2010,3,7,3,FALSE
09-07-2010,37263.04,14072,30,599,4.291897727,3,10630.57143,12193.16667,2010,3,7,4,FALSE
10-07-2010,0,0,0,0,4.291897727,0,10630.57143,11870.4,2010,3,7,5,TRUE
11-07-2010,7784.95,5806,28,497,2.904595376,1,10702.57143,11350.43333,2010,3,7,6,TRUE
12-07-2010,19727.37,9721,50,734,4.577265823,3,9715.571429,11674.46667,2010,3,7,0,FALSE
13-07-2010,21011.75,10045,55,744,4.183330389,4,9441.714286,11638.63333,2010,3,7,1,FALSE
14-07-2010,23775.72,13384,62,819,3.810915229,4,9254.857143,11544.56667,2010,3,7,2,FALSE
15-07-2010,56511.97,27819,80,840,3.49374349,4,11549.57143,11822,2010,3,7,3,FALSE
16-07-2010,22593.19,14312,68,726,3.468371886,4,11583.85714,11666.2,2010,3,7,4,FALSE
17-07-2010,0,0,0,0,3.468371886,0,11583.85714,11224.93333,2010,3,7,5,TRUE
18-07-2010,15149.84,9646,40,589,3.422076125,3,12132.42857,11226.2,2010,3,7,6,TRUE
19-07-2010,30532.75,18535,59,782,3.666404494,6,13391.57143,11844.03333,2010,3,7,0,FALSE
20-07-2010,24760.27,12099,57,663,3.661106272,4,13685,12097.76667,2010,3,7,1,FALSE
21-07-2010,22367.31,13174,55,734,4.232736237,3,13655,12134.86667,2010,3,7,2,FALSE
22-07-2010,26809.3,13939,78,806,4.609139579,4,11672.14286,12366.9,2010,3,7,3,FALSE
23-07-2010,25865.97,13371,48,665,3.301568627,4,11537.71429,12270.66667,2010,3,7,4,FALSE
24-07-2010,0,0,0,0,3.301568627,0,11537.71429,11893.8,2010,3,7,5,TRUE
25-07-2010,17230.6,11531,54,741,3.203021933,6,11807,12011.6,2010,3,7,6,TRUE
26-07-2010,25092.38,15011,62,822,4.374620643,4,11303.57143,12511.96667,2010,3,7,0,FALSE
27-07-2010,28462.87,14315,70,663,3.410344149,6,11620.14286,12627.43333,2010,3,7,1,FALSE
28-07-2010,23308.12,13365,65,724,3.094052388,4,11647.42857,11921.73333,2010,3,7,2,FALSE
29-07-2010,38300.82,13763,72,895,6.163551247,4,11622.28571,11683.06667,2010,3,7,3,FALSE
30-07-2010,16119.66,8443,53,508,4.234547945,4,10918.28571,11263.16667,2010,3,7,4,FALSE
31-07-2010,0,0,0,0,4.234547945,0,10918.28571,10713.4,2010,3,7,5,TRUE
01-08-2010,30637.95,9702,32,583,2.933352668,1,10657,10746.5,2010,3,8,6,TRUE
02-08-2010,28908.78,11871,63,691,5.660345438,3,10208.42857,11142.2,2010,3,8,0,FALSE
03-08-2010,26918.11,16330,59,857,5.202895623,4,10496.28571,11509.8,2010,3,8,1,FALSE
04-08-2010,21386.31,11740,53,850,4.202707424,4,10264.14286,11346.8,2010,3,8,2,FALSE
05-08-2010,24406.15,16828,54,744,2.739366306,3,10702,11509,2010,3,8,3,FALSE
06-08-2010,15204.2,9923,45,409,3.336642729,3,10913.42857,11350.03333,2010,3,8,4,FALSE
07-08-2010,0,0,0,0,3.336642729,0,10913.42857,10958.16667,2010,3,8,5,TRUE
08-08-2010,13962.51,8120,44,562,2.795650173,2,10687.42857,10759.76667,2010,3,8,6,TRUE
09-08-2010,31692.27,100224,51,621,2.591908571,5,23309.28571,14100.56667,2010,3,8,0,FALSE
10-08-2010,35749.67,20053,46,937,4.466945412,3,23841.14286,14575.46667,2010,3,8,1,FALSE
11-08-2010,23674.57,8197,46,642,7.348640873,4,23335,14524.66667,2010,3,8,2,FALSE
12-08-2010,29023.06,18216,81,897,3.70621902,3,23533.28571,14797.03333,2010,3,8,3,FALSE
13-08-2010,37283.95,18159,55,765,4.070248447,4,24709.85714,14956.2,2010,3,8,4,FALSE
14-08-2010,0,0,0,0,4.070248447,0,24709.85714,14028.9,2010,3,8,5,TRUE
15-08-2010,22161.18,17333,58,615,2.882801556,4,26026,14129.6,2010,3,8,6,TRUE
16-08-2010,20809.6,11080,39,677,3.989251497,3,13291.14286,14498.93333,2010,3,8,0,FALSE
17-08-2010,30377.13,18400,45,613,3.270021668,4,13055,14790.73333,2010,3,8,1,FALSE
18-08-2010,37128.55,22851,58,957,3.296460288,3,15148.42857,14934.6,2010,3,8,2,FALSE
19-08-2010,32973.66,22520,77,801,3.493313531,5,15763.28571,15281.96667,2010,3,8,3,FALSE
20-08-2010,25537.19,19177,59,799,3.538113796,9,15908.71429,15482.06667,2010,3,8,4,FALSE
21-08-2010,0,0,0,0,3.538113796,0,15908.71429,15017.43333,2010,3,8,5,TRUE
22-08-2010,22677.01,13884,60,769,2.919331352,5,15416,15034.53333,2010,3,8,6,TRUE
23-08-2010,21891.58,13251,45,713,2.995052083,5,15726.14286,15476.23333,2010,3,8,0,FALSE
24-08-2010,27450.06,19081,61,697,3.199796099,4,15823.42857,15727.9,2010,3,8,1,FALSE
25-08-2010,31651.98,17575,76,857,3.30999373,3,15069.71429,15813.36667,2010,3,8,2,FALSE
26-08-2010,35255.41,17607,80,842,4.047048083,7,14367.85714,15923.1,2010,3,8,3,FALSE
27-08-2010,18128.99,7316,36,675,6.970050352,2,12673.42857,15721.46667,2010,3,8,4,FALSE
28-08-2010,0,0,0,0,6.970050352,0,12673.42857,15262.7,2010,3,8,5,TRUE
29-08-2010,14449.3,8766,39,483,2.834831461,1,11942.28571,15273.46667,2010,3,8,6,TRUE
30-08-2010,0,0,0,0,2.834831461,0,10049.28571,15273.46667,2010,3,8,0,FALSE
31-08-2010,35912.74,14176,63,936,4.996222732,9,9348.571429,15422.6,2010,3,8,1,FALSE
01-09-2010,23331.9,12910,43,646,4.015872033,6,8682.142857,15457.23333,2010,3,9,2,FALSE
02-09-2010,36441.07,21964,91,848,4.05339163,8,9304.571429,15645.03333,2010,3,9,3,FALSE
03-09-2010,37214.19,31223,60,655,3.821878073,5,12719.85714,16294.46667,2010,3,9,4,FALSE
04-09-2010,0,0,0,0,3.821878073,0,12719.85714,15733.53333,2010,3,9,5,TRUE
05-09-2010,12286.71,7222,35,514,2.79902133,5,12499.28571,15643.5,2010,3,9,6,TRUE
06-09-2010,28770.4,16208,53,861,4.147766367,10,14814.71429,16183.76667,2010,3,9,0,FALSE
07-09-2010,27488.26,15746,51,718,3.452425308,6,15039,16437.96667,2010,3,9,1,FALSE
08-09-2010,17601.46,10208,49,691,3.580485528,6,14653,13437.43333,2010,3,9,2,FALSE
09-09-2010,25691.89,13200,67,865,3.582522013,6,13401,13209,2010,3,9,3,FALSE
10-09-2010,17604.47,10430,46,629,3.453945233,3,10430.57143,13283.43333,2010,3,9,4,FALSE
11-09-2010,0,0,0,0,3.453945233,0,10430.57143,12676.23333,2010,3,9,5,TRUE
12-09-2010,15528.75,9278,48,729,2.922722266,3,10724.28571,12380.2,2010,3,9,6,TRUE
13-09-2010,38362.18,28405,87,992,3.963933333,4,12466.71429,13327.03333,2010,3,9,0,FALSE
14-09-2010,21209.26,11384,63,764,3.218891509,6,11843.57143,13128.73333,2010,3,9,1,FALSE
15-09-2010,34799.62,21473,67,811,3.121500364,9,13452.85714,13475.16667,2010,3,9,2,FALSE
16-09-2010,40358.821,14418,68,897,11.21116815,7,13626.85714,13342.43333,2010,3,9,3,FALSE
17-09-2010,21439.92,11843,52,726,3.632871468,4,13828.71429,12975.5,2010,3,9,4,FALSE
18-09-2010,0,0,0,0,3.632871468,0,13828.71429,12224.83333,2010,3,9,5,TRUE
19-09-2010,22895.33,13697,59,984,2.550036194,2,14460,12042.16667,2010,3,9,6,TRUE
20-09-2010,43878.5,25067,82,967,4.520555864,7,13983.14286,12877.73333,2010,3,9,0,FALSE
21-09-2010,62499.11,37072,103,1020,3.053201699,6,17652.85714,13650.66667,2010,3,9,1,FALSE
22-09-2010,30571.48,14626,83,689,3.757009602,5,16674.71429,13696.5,2010,3,9,2,FALSE
23-09-2010,36202.41,21377,86,935,2.930595723,4,17668.85714,13773.03333,2010,3,9,3,FALSE
24-09-2010,50457.26,28035,67,810,4.480281414,4,19982,14121.7,2010,3,9,4,FALSE
25-09-2010,0,0,0,0,4.480281414,0,19982,13534.8,2010,3,9,5,TRUE
26-09-2010,21751.15,13385,65,747,2.898101623,2,19937.42857,13737.1,2010,3,9,6,TRUE
27-09-2010,118838.47,125489,95,1012,10.45622114,6,34283.42857,17920.06667,2010,3,9,0,FALSE
28-09-2010,46361.4,23634,127,1199,3.771798455,5,32363.71429,18415.66667,2010,3,9,1,FALSE
29-09-2010,38634.22,20736,99,967,3.734916532,4,33236.57143,19106.86667,2010,3,9,2,FALSE
30-09-2010,51478.76,24834,93,978,5.806218164,8,33730.42857,19462.13333,2010,3,9,3,FALSE
01-10-2010,38654.61,22213,71,919,4.067634088,8,32898.71429,19772.23333,2010,4,10,4,FALSE
02-10-2010,0,0,0,0,4.067634088,0,32898.71429,19040.1,2010,4,10,5,TRUE
03-10-2010,38474.71,20343,77,966,3.184912844,5,33892.71429,18677.43333,2010,4,10,6,TRUE
04-10-2010,39336.53,23529,84,1002,3.4906241,5,19327,19461.73333,2010,4,10,0,FALSE
05-10-2010,84825.58,34855,130,1166,14.14190314,5,20930,20382.83333,2010,4,10,1,FALSE
06-10-2010,30812.44,21884,63,738,2.753403922,4,21094,20572.03333,2010,4,10,2,FALSE
07-10-2010,54313.44,30072,121,1360,3.628646958,4,21842.28571,21049.56667,2010,4,10,3,FALSE
08-10-2010,60283.5,41441,78,995,3.672364934,7,24589.14286,22090.66667,2010,4,10,4,FALSE
09-10-2010,0,0,0,0,3.672364934,0,24589.14286,21650.66667,2010,4,10,5,TRUE
10-10-2010,23146.51,12414,68,897,3.087306338,5,23456.42857,21716.8,2010,4,10,6,TRUE
11-10-2010,43428.66,24913,91,1130,3.096262919,6,23654.14286,22547.23333,2010,4,10,0,FALSE
12-10-2010,49933.33,29531,110,1134,3.357159468,5,22893.57143,23222.33333,2010,4,10,1,FALSE
13-10-2010,57672.89,40097,86,1035,5.085390038,9,25495.42857,23612.06667,2010,4,10,2,FALSE
14-10-2010,87417.94,37123,99,1014,3.310747475,7,26502.71429,24470.03333,2010,4,10,3,FALSE
15-10-2010,54812.26,22350,117,1081,8.226814978,8,23775.42857,24499.26667,2010,4,10,4,FALSE
16-10-2010,0,0,0,0,8.226814978,0,23775.42857,24018.66667,2010,4,10,5,TRUE
17-10-2010,33093.14,18978,71,1118,2.764390613,2,24713.14286,24256.5,2010,4,10,6,TRUE
18-10-2010,41423.58,19725,104,1194,3.809427622,6,23972,24914,2010,4,10,0,FALSE
19-10-2010,50020.09,27244,78,1089,3.473854028,5,23645.28571,25365.56667,2010,4,10,1,FALSE
20-10-2010,45639.82,24039,108,1078,3.543287385,6,21351.28571,25331.3,2010,4,10,2,FALSE
21-10-2010,39004.08,17798,96,1063,3.931900669,5,18590.57143,24688.83333,2010,4,10,3,FALSE
22-10-2010,41053.29,23118,88,1083,4.787177148,8,18700.28571,24971.9,2010,4,10,4,FALSE
23-10-2010,0,0,0,0,4.787177148,0,18700.28571,24259.33333,2010,4,10,5,TRUE
24-10-2010,28639.54,15445,83,1044,2.923028992,3,18195.57143,23839.66667,2010,4,10,6,TRUE
25-10-2010,29434.97,14485,73,996,3.124178303,6,17447,24322.5,2010,4,10,0,FALSE
26-10-2010,45948.56,25974,104,1149,3.191881107,10,17265.57143,24742.13333,2010,4,10,1,FALSE
27-10-2010,32925.5,16197,72,962,3.465422419,6,16145.28571,21099.06667,2010,4,10,2,FALSE
28-10-2010,34420.25,14298,63,883,7.058318414,4,15645.28571,20787.86667,2010,4,10,3,FALSE
29-10-2010,47226.31,25578,83,972,3.554542144,6,15996.71429,20949.26667,2010,4,10,4,FALSE
30-10-2010,0,0,0,0,3.554542144,0,15996.71429,20121.46667,2010,4,10,5,TRUE
31-10-2010,29960.69,16352,83,1149,2.800206817,3,16126.28571,19926.1,2010,4,10,6,TRUE
01-11-2010,29540.88,14127,62,1115,5.022067511,4,16075.14286,20397,2010,4,11,0,FALSE
02-11-2010,44949.16,24166,91,1048,3.598440909,8,15816.85714,20524.43333,2010,4,11,1,FALSE
03-11-2010,45352.54,23637,87,1027,3.470552486,7,16879.71429,20528.03333,2010,4,11,2,FALSE
04-11-2010,89585.63,60269,132,1361,3.562227247,6,23447,21375.16667,2010,4,11,3,FALSE
05-11-2010,46566.95,22449,75,1033,3.928884817,9,23000,21394,2010,4,11,4,FALSE
06-11-2010,0,0,0,0,3.928884817,0,23000,20391.6,2010,4,11,5,TRUE
07-11-2010,31541.1,18428,82,1106,2.717321033,4,23296.57143,19624.5,2010,4,11,6,TRUE
08-11-2010,90826.501,32397,82,1216,6.441867578,6,25906.57143,20704.4,2010,4,11,0,FALSE
09-11-2010,66091.24,35361,121,1109,3.541,5,27505.85714,21469.3,2010,4,11,1,FALSE
10-11-2010,79992.41,35184,131,1478,3.537138794,9,29155.42857,21811.66667,2010,4,11,2,FALSE
11-11-2010,64114.18,34397,129,1274,3.302445703,4,25459.42857,21973.86667,2010,4,11,3,FALSE
12-11-2010,50806.23,23217,111,1275,4.112607119,9,25569.14286,21411.2,2010,4,11,4,FALSE
13-11-2010,0,0,0,0,4.112607119,0,25569.14286,20173.76667,2010,4,11,5,TRUE
14-11-2010,28950.46,17295,90,1226,2.923196248,4,25407.28571,20005.26667,2010,4,11,6,TRUE
15-11-2010,104910.96,37969,103,1412,3.832065663,5,26203.28571,21270.9,2010,4,11,0,FALSE
16-11-2010,72858.71,39307,108,1366,3.639782203,7,26767,21948.53333,2010,4,11,1,FALSE
17-11-2010,51468.871,28549,119,1265,3.812469892,5,25819.14286,22242.66667,2010,4,11,2,FALSE
18-11-2010,44906.07,21366,104,1207,3.735521127,4,23957.57143,22046.73333,2010,4,11,3,FALSE
19-11-2010,47814.41,25313,108,1120,3.849282219,11,24257,22089.2,2010,4,11,4,FALSE
20-11-2010,0,0,0,0,3.849282219,0,24257,21495.93333,2010,4,11,5,TRUE
21-11-2010,32056.05,17985,96,1286,2.748943193,5,24355.57143,21324.83333,2010,4,11,6,TRUE
22-11-2010,43155.91,19775,93,1338,3.875110009,6,21756.42857,21984,2010,4,11,0,FALSE
23-11-2010,58356.99,26947,132,1422,3.823640215,8,19990.71429,22367.4,2010,4,11,1,FALSE
24-11-2010,61666.06,28754,133,1337,4.057464832,3,20020,22843.03333,2010,4,11,2,FALSE
25-11-2010,72282.86,38054,153,1238,3.317284672,3,22404,23245.7,2010,4,11,3,FALSE
26-11-2010,40403.51,17394,84,1161,3.961847059,10,21272.71429,23285.6,2010,4,11,4,FALSE
27-11-2010,0,0,0,0,3.961847059,0,21272.71429,22809,2010,4,11,5,TRUE
28-11-2010,27132.76,16298,91,1134,2.994000809,2,21031.71429,22499.66667,2010,4,11,6,TRUE
29-11-2010,79083.96,39991,107,1525,4.178409676,10,23919.71429,23832.7,2010,4,11,0,FALSE
30-11-2010,59878.74,26532,123,953,3.258133569,6,23860.42857,24172.03333,2010,4,11,1,FALSE
01-12-2010,58776.79,26818,127,1340,4.188312417,7,23583.85714,24595.06667,2010,4,12,2,FALSE
02-12-2010,47629.42,31264,142,923,3.232611276,3,22613.85714,24831.66667,2010,4,12,3,FALSE
03-12-2010,46898.63,16158,68,1133,5.155177736,10,22437.28571,24582.36667,2010,4,12,4,FALSE
04-12-2010,0,0,0,0,5.155177736,0,22437.28571,22573.4,2010,4,12,5,TRUE
05-12-2010,31364.63,16242,88,1142,2.880161352,5,22429.28571,22366.5,2010,4,12,6,TRUE
06-12-2010,54624.15,21619,102,1471,4.608320064,4,19804.71429,23087.13333,2010,4,12,0,FALSE
07-12-2010,99553.85,25180,84,1277,10.83107871,4,19611.57143,23312.2,2010,4,12,1,FALSE
08-12-2010,45235.36,23041,116,1200,3.691607284,7,19072,23000.33333,2010,4,12,2,FALSE
09-12-2010,53548.19,19898,107,1258,5.18724774,9,17448.28571,22484.9,2010,4,12,3,FALSE
10-12-2010,59021.02,20973,77,1264,4.691015419,5,18136.14286,22011.2,2010,4,12,4,FALSE
11-12-2010,0,0,0,0,4.691015419,0,18136.14286,20864.63333,2010,4,12,5,TRUE
12-12-2010,17125.65,10537,44,800,2.698120029,2,17321.14286,20441.96667,2010,4,12,6,TRUE
13-12-2010,37942.37,17701,70,1169,4.367380319,3,16761.42857,21032,2010,4,12,0,FALSE
14-12-2010,45167.56,20255,90,1010,3.936799596,3,16057.85714,21130.66667,2010,4,12,1,FALSE
15-12-2010,30384.37,18453,74,755,3.454942085,2,15402.42857,20480.13333,2010,4,12,2,FALSE
16-12-2010,49114.14,29860,121,922,3.202287695,4,16825.57143,20165.23333,2010,4,12,3,FALSE
17-12-2010,45338.13,16935,66,1368,5.7327853,10,16248.71429,19778.1,2010,4,12,4,FALSE
18-12-2010,0,0,0,0,5.7327853,0,16248.71429,19065.9,2010,4,12,5,TRUE
19-12-2010,7410.47,3734,23,390,3.102951807,3,15276.85714,18346.6,2010,4,12,6,TRUE
20-12-2010,26766.23,14914,61,924,4.65088729,6,14878.71429,18843.73333,2010,4,12,0,FALSE
21-12-2010,47279.89,15605,55,821,7.909627489,6,14214.42857,18764.4,2010,4,12,1,FALSE
22-12-2010,6199.97,3080,17,193,8.768198198,3,12018.28571,18207.9,2010,4,12,2,FALSE
23-12-2010,12071.91,5752,27,785,4.062386002,3,8574.285714,17501.4,2010,4,12,3,FALSE
24-12-2010,0,0,0,0,4.062386002,0,6155,16542.93333,2010,4,12,4,FALSE
25-12-2010,0,0,0,0,4.062386002,0,6155,15274.46667,2010,4,12,5,TRUE
26-12-2010,0,0,0,0,4.062386002,0,5621.571429,14694.66667,2010,4,12,6,TRUE
27-12-2010,0,0,0,0,4.062386002,0,3491,14694.66667,2010,4,12,0,FALSE
28-12-2010,0,0,0,0,4.062386002,0,1261.714286,14151.4,2010,4,12,1,FALSE
29-12-2010,0,0,0,0,4.062386002,0,821.7142857,12818.36667,2010,4,12,2,FALSE
30-12-2010,0,0,0,0,4.062386002,0,0,11933.96667,2010,4,12,3,FALSE
31-12-2010,0,0,0,0,4.062386002,0,0,11040.03333,2010,4,12,4,FALSE
01-01-2011,0,0,0,0,4.062386002,0,0,9997.9,2011,1,1,5,TRUE
02-01-2011,0,0,0,0,4.062386002,0,0,9459.3,2011,1,1,6,TRUE
03-01-2011,0,0,0,0,4.062386002,0,0,9459.3,2011,1,1,0,FALSE
04-01-2011,16005.73,8630,36,819,3.631621622,2,1232.857143,9205.566667,2011,1,1,1,FALSE
05-01-2011,32630.27,19769,55,992,3.317590144,2,4057,9143.9,2011,1,1,2,FALSE
06-01-2011,40366.45,23124,50,998,3.449091941,3,7360.428571,9075.366667,2011,1,1,3,FALSE
07-01-2011,28836.59,17160,53,1031,3.279014723,4,9811.857143,8879.333333,2011,1,1,4,FALSE
08-01-2011,0,0,0,0,3.279014723,0,9811.857143,8216.066667,2011,1,1,5,TRUE
09-01-2011,15590.68,8125,48,640,3.133417132,4,10972.57143,7787.8,2011,1,1,6,TRUE
10-01-2011,24553.07,12861,39,1096,3.853971267,6,12809.85714,8216.5,2011,1,1,0,FALSE
11-01-2011,68630.54,28437,58,943,3.615154788,5,15639.42857,8813.166667,2011,1,1,1,FALSE
12-01-2011,24664.58,10606,45,1078,4.189006211,5,14330.42857,8576.666667,2011,1,1,2,FALSE
13-01-2011,20612.79,10171,44,949,3.916925227,3,12480,8240.533333,2011,1,1,3,FALSE
14-01-2011,47554.58,23139,47,898,4.342791946,6,13334.14286,8396.733333,2011,1,1,4,FALSE
15-01-2011,0,0,0,0,4.342791946,0,13334.14286,7401.4,2011,1,1,5,TRUE
16-01-2011,6976.39,4086,25,422,2.794205298,1,12757.14286,6973.1,2011,1,1,6,TRUE
17-01-2011,29262.72,13375,51,1211,3.825425197,5,12830.57143,7418.933333,2011,1,1,0,FALSE
18-01-2011,95947.73,82964,41,892,4.472519353,5,20620.14286,10059.93333,2011,1,1,1,FALSE
19-01-2011,25874.57,17354,35,951,3.354810036,7,21584.14286,10141.26667,2011,1,1,2,FALSE
20-01-2011,21199.34,10475,39,950,3.505268525,6,21627.57143,9970.266667,2011,1,1,3,FALSE
21-01-2011,32636.55,15302,39,963,4.245366013,4,20508,10377.66667,2011,1,1,4,FALSE
22-01-2011,0,0,0,0,4.245366013,0,20508,10185.93333,2011,1,1,5,TRUE
23-01-2011,10306.1,5200,27,568,2.969976247,2,20667.14286,10359.26667,2011,1,1,6,TRUE
24-01-2011,25494.49,11955,53,846,4.511434426,7,20464.28571,10757.76667,2011,1,1,0,FALSE
25-01-2011,28952.55,15538,67,873,4.016972768,6,10832,11275.7,2011,1,1,1,FALSE
26-01-2011,19855.92,10931,56,761,4.003647343,6,9914.428571,11640.06667,2011,1,1,2,FALSE
27-01-2011,23624.3,11266,52,855,3.750435374,6,10027.42857,12015.6,2011,1,1,3,FALSE
28-01-2011,20064.35,9842,40,584,4.251220605,5,9247.428571,12343.66667,2011,1,1,4,FALSE
29-01-2011,0,0,0,0,4.251220605,0,9247.428571,12343.66667,2011,1,1,5,TRUE
30-01-2011,6542.61,3383,24,483,3.186671449,1,8987.857143,12456.43333,2011,1,1,6,TRUE
31-01-2011,23628.71,13406,62,840,4.082845473,4,9195.142857,12903.3,2011,1,1,0,FALSE
01-02-2011,29013.29,15814,63,830,3.555062541,8,9234.571429,13430.43333,2011,1,2,1,FALSE
02-02-2011,21162.12,9706,63,795,4.271851852,6,9059.571429,13753.96667,2011,1,2,2,FALSE
03-02-2011,23467.73,15712,46,598,3.864902364,5,9694.714286,13990.03333,2011,1,2,3,FALSE
04-02-2011,25135.84,12695,52,739,5.205184255,6,10102.28571,13754.23333,2011,1,2,4,FALSE
05-02-2011,0,0,0,0,5.205184255,0,10102.28571,12983.43333,2011,1,2,5,TRUE
06-02-2011,3439.67,2036,11,220,2.890879121,1,9909.857143,12479.3,2011,1,2,6,TRUE
07-02-2011,25922.97,9128,42,803,4.289959016,3,9298.714286,12783.56667,2011,1,2,0,FALSE
08-02-2011,20935.23,10100,45,758,4.562920502,4,8482.428571,12849.4,2011,1,2,1,FALSE
09-02-2011,16682.63,7164,29,602,5.072146119,6,8119.285714,12659.5,2011,1,2,2,FALSE
10-02-2011,14853.31,11876,41,504,4.001685393,3,7571.285714,12107.46667,2011,1,2,3,FALSE
11-02-2011,22853.6,10520,45,621,4.47217341,3,7260.571429,12104.6,2011,1,2,4,FALSE
12-02-2011,0,0,0,0,4.47217341,0,7260.571429,11765.56667,2011,1,2,5,TRUE
13-02-2011,5645.48,2723,20,425,2.900453782,1,7358.714286,11085.03333,2011,1,2,6,TRUE
14-02-2011,26668.91,13567,42,713,3.679584488,5,7992.857143,11537.26667,2011,1,2,0,FALSE
15-02-2011,39841.71,22669,58,809,3.384045977,5,9788.428571,12156.7,2011,1,2,1,FALSE
16-02-2011,24863.85,16117,63,698,3.274052676,6,11067.42857,12248.1,2011,1,2,2,FALSE
17-02-2011,26357.52,14413,68,875,4.560333528,6,11429.85714,9963.066667,2011,1,2,3,FALSE
18-02-2011,16184.42,9149,39,594,3.563435961,5,11234,9689.566667,2011,1,2,4,FALSE
19-02-2011,0,0,0,0,3.563435961,0,11234,9340.4,2011,1,2,5,TRUE
20-02-2011,9437.8,5218,26,593,3.161688943,1,11590.42857,9004.266667,2011,1,2,6,TRUE
21-02-2011,36311.4,21533,38,811,3.77375642,8,12728.42857,9722.033333,2011,1,2,0,FALSE
22-02-2011,32454.5,21893,52,893,3.473806782,2,12617.57143,10278.46667,2011,1,2,1,FALSE
23-02-2011,26859.5,13742,63,860,4.552351816,4,12278.28571,10338.03333,2011,1,2,2,FALSE
24-02-2011,22800.89,11891,55,775,3.923636364,4,11918,10216.46667,2011,1,2,3,FALSE
25-02-2011,20595.19,10572,49,592,3.590340557,4,12121.28571,10204.5,2011,1,2,4,FALSE
26-02-2011,0,0,0,0,3.590340557,0,12121.28571,9828.966667,2011,1,2,5,TRUE
27-02-2011,9382.71,4823,33,566,2.99057398,3,12064.85714,9661.666667,2011,1,2,6,TRUE
28-02-2011,21675.29,9873,57,906,4.77628537,6,10399.14286,9990.766667,2011,1,2,0,FALSE
01-03-2011,26344.68,12137,62,844,4.741823573,7,9005.428571,10282.56667,2011,1,3,1,FALSE
02-03-2011,18669.94,8612,43,543,3.655045147,3,8272.571429,10122.76667,2011,1,3,2,FALSE
03-03-2011,36367.14,20075,49,793,4.03711928,6,9441.714286,10264.8,2011,1,3,3,FALSE
04-03-2011,19486.88,13560,49,717,2.958769513,7,9868.571429,10393.26667,2011,1,3,4,FALSE
05-03-2011,0,0,0,0,2.958769513,0,9868.571429,9869.533333,2011,1,3,5,TRUE
06-03-2011,9959.62,5027,27,510,3.305289053,1,9897.714286,9613.933333,2011,1,3,6,TRUE
07-03-2011,32318.72,14006,68,1045,4.906207806,3,10488.14286,10080.8,2011,1,3,0,FALSE
08-03-2011,25035.12,14537,48,883,3.359586777,3,10831,10497.5,2011,1,3,1,FALSE
09-03-2011,22013.2,11861,53,755,3.813138686,5,11295.14286,10588.6,2011,1,3,2,FALSE
10-03-2011,26118.27,15583,57,656,3.337228916,5,10653.42857,10771.36667,2011,1,3,3,FALSE
11-03-2011,25473.93,10521,53,605,7.51372737,4,10219.28571,10883.26667,2011,1,3,4,FALSE
12-03-2011,0,0,0,0,7.51372737,0,10219.28571,10487.4,2011,1,3,5,TRUE
13-03-2011,4117.22,2733,16,416,2.579655172,2,9891.571429,10227.83333,2011,1,3,6,TRUE
14-03-2011,25876.63,16737,50,679,3.43603352,7,10281.71429,10785.73333,2011,1,3,0,FALSE
15-03-2011,23453.34,8941,52,722,6.660873328,5,9482.285714,10993,2011,1,3,1,FALSE
16-03-2011,21842.81,12883,52,582,3.64824356,4,9628.285714,10970.2,2011,1,3,2,FALSE
17-03-2011,39852.51,20975,62,1064,4.163974104,6,10398.57143,10913.73333,2011,1,3,3,FALSE
18-03-2011,28107.65,13938,64,765,4.525973623,3,10886.71429,10841.1,2011,1,3,4,FALSE
19-03-2011,0,0,0,0,4.525973623,0,10886.71429,10360.66667,2011,1,3,5,TRUE
20-03-2011,21949.68,14038,60,861,3.487096547,6,12501.71429,10523.63333,2011,1,3,6,TRUE
21-03-2011,16679.47,10292,53,627,2.711055179,3,11581,10866.7,2011,1,3,0,FALSE
22-03-2011,31468.23,16548,53,1140,4.416501071,6,12667.71429,11244.36667,2011,1,3,1,FALSE
23-03-2011,24078.89,14374,63,773,3.713642801,5,12880.71429,11005.73333,2011,1,3,2,FALSE
24-03-2011,36496.79,18164,68,781,2.992657718,7,12479.14286,10881.43333,2011,1,3,3,FALSE
25-03-2011,31362.56,14083,56,800,4.129511278,7,12499.85714,10892.8,2011,1,3,4,FALSE
26-03-2011,0,0,0,0,4.129511278,0,12499.85714,10496.43333,2011,1,3,5,TRUE
27-03-2011,9206.72,4496,32,503,2.944548023,2,11136.71429,10293.9,2011,1,3,6,TRUE
28-03-2011,23133.23,12222,61,891,3.829482759,7,11412.42857,10701.3,2011,1,3,0,FALSE
29-03-2011,70711.92,32803,62,970,4.650772798,3,13734.57143,11633.96667,2011,1,3,1,FALSE
30-03-2011,31821.71,20621,75,877,3.277164675,5,14627,11992.23333,2011,1,3,2,FALSE
31-03-2011,34268.4,16832,66,869,5.052628676,5,14436.71429,12148.73333,2011,1,3,3,FALSE
01-04-2011,25565.64,18459,75,742,3.710422886,6,15061.85714,12476.96667,2011,2,4,4,FALSE
02-04-2011,0,0,0,0,3.710422886,0,15061.85714,11807.8,2011,2,4,5,TRUE
03-04-2011,6897.18,5658,20,523,2.429134752,1,15227.85714,11544.4,2011,2,4,6,TRUE
04-04-2011,33234.48,14004,59,907,7.623604369,5,15482.42857,12011.2,2011,2,4,0,FALSE
05-04-2011,30052.82,15558,52,705,4.325366932,7,13018.85714,12362.23333,2011,2,4,1,FALSE
06-04-2011,17338.36,9156,40,713,3.486685446,2,11381,12200.56667,2011,2,4,2,FALSE
07-04-2011,18465.44,10508,64,832,3.084577988,7,10477.57143,12066.26667,2011,2,4,3,FALSE
08-04-2011,25240.59,12985,71,825,5.166820852,5,9695.571429,12103.73333,2011,2,4,4,FALSE
09-04-2011,0,0,0,0,5.166820852,0,9695.571429,11584.3,2011,2,4,5,TRUE
10-04-2011,9879.75,5603,32,635,3.06351087,2,9687.714286,11420.36667,2011,2,4,6,TRUE
11-04-2011,22345.93,13632,64,756,2.873275862,6,9634.571429,11874.76667,2011,2,4,0,FALSE
12-04-2011,25534.94,15311,62,647,3.189338169,3,9599.285714,12294.03333,2011,2,4,1,FALSE
13-04-2011,24450.27,18752,60,662,2.719296333,3,10970.14286,12361.2,2011,2,4,2,FALSE
14-04-2011,36084.1,18858,86,770,3.419681818,4,12163,12691.76667,2011,2,4,3,FALSE
15-04-2011,28311.821,12717,56,718,5.890305349,6,12124.71429,12686.23333,2011,2,4,4,FALSE
16-04-2011,0,0,0,0,5.890305349,0,12124.71429,11987.06667,2011,2,4,5,TRUE
17-04-2011,12630.34,8136,42,620,2.862337247,3,12486.57143,11793.66667,2011,2,4,6,TRUE
18-04-2011,55983.99,29825,69,1275,3.799152216,4,14799.85714,12787.83333,2011,2,4,0,FALSE
19-04-2011,24296.85,14461,59,984,3.71539338,5,14678.42857,12801.93333,2011,2,4,1,FALSE
20-04-2011,28667.32,18371,63,588,3.134919028,4,14624,13071.23333,2011,2,4,2,FALSE
21-04-2011,32582.2,18210,77,941,4.307402116,6,14531.42857,13126.63333,2011,2,4,3,FALSE
22-04-2011,0,0,0,0,4.307402116,0,12714.71429,12647.5,2011,2,4,4,FALSE
23-04-2011,0,0,0,0,4.307402116,0,12714.71429,12042.03333,2011,2,4,5,TRUE
24-04-2011,0,0,0,0,4.307402116,0,11552.42857,11572.6,2011,2,4,6,TRUE
25-04-2011,0,0,0,0,4.307402116,0,7291.714286,11572.6,2011,2,4,0,FALSE
26-04-2011,30999.88,16135,71,923,4.534738826,4,7530.857143,11960.56667,2011,2,4,1,FALSE
27-04-2011,25916.15,18218,65,785,3.195356577,4,7509,12160.43333,2011,2,4,2,FALSE
28-04-2011,22490.44,13396,59,713,4.058108348,6,6821.285714,11513.53333,2011,2,4,3,FALSE
29-04-2011,0,0,0,0,4.058108348,0,6821.285714,10826.16667,2011,2,4,4,FALSE
30-04-2011,0,0,0,0,4.058108348,0,6821.285714,10265.1,2011,2,4,5,TRUE
01-05-2011,6958.11,3814,18,357,2.879730942,2,7366.142857,9776.933333,2011,2,5,6,TRUE
02-05-2011,0,0,0,0,2.879730942,0,7366.142857,9776.933333,2011,2,5,0,FALSE
03-05-2011,35196.21,12454,66,743,9.816213235,3,6840.285714,10003.46667,2011,2,5,1,FALSE
04-05-2011,27521.96,17363,65,695,3.11416007,4,6718.142857,10115.43333,2011,2,5,2,FALSE
05-05-2011,29133.41,17436,89,902,3.411282766,7,7295.285714,10178.03333,2011,2,5,3,FALSE
06-05-2011,36122.98,19945,82,1019,3.505376559,6,10144.57143,10537.66667,2011,2,5,4,FALSE
07-05-2011,0,0,0,0,3.505376559,0,10144.57143,10187.4,2011,2,5,5,TRUE
08-05-2011,18731.98,10621,63,739,2.886390041,3,11117,10108.6,2011,2,5,6,TRUE
09-05-2011,27883.46,13354,71,859,3.959462243,5,13024.71429,10553.73333,2011,2,5,0,FALSE
10-05-2011,47756.53,19784,96,932,5.899150794,6,14071.85714,11026.43333,2011,2,5,1,FALSE
11-05-2011,33647.85,18894,80,829,3.47297281,6,14290.57143,11201.83333,2011,2,5,2,FALSE
12-05-2011,61829.27,37774,86,947,3.621712794,8,17196,11950.6,2011,2,5,3,FALSE
13-05-2011,30679.84,15217,73,779,3.495856432,5,16520.57143,11832.76667,2011,2,5,4,FALSE
14-05-2011,0,0,0,0,3.495856432,0,16520.57143,11204.16667,2011,2,5,5,TRUE
15-05-2011,9911.38,4895,31,575,2.809503722,3,15702.57143,10943.43333,2011,2,5,6,TRUE
16-05-2011,39651.28,16019,68,793,4.135643939,3,16083.28571,11477.4,2011,2,5,0,FALSE
17-05-2011,55106.99,26769,82,873,4.892487451,7,17081.14286,12098.5,2011,2,5,1,FALSE
18-05-2011,34376.26,19013,73,717,3.888829305,5,17098.14286,11738.1,2011,2,5,2,FALSE
19-05-2011,35567.71,18124,99,878,3.964704315,7,14291,11860.2,2011,2,5,3,FALSE
20-05-2011,26579.95,15348,71,604,3.428087832,5,14309.71429,11759.43333,2011,2,5,4,FALSE
21-05-2011,0,0,0,0,3.428087832,0,14309.71429,11152.43333,2011,2,5,5,TRUE
22-05-2011,24102,12645,61,875,2.954446615,3,15416.85714,11573.93333,2011,2,5,6,TRUE
23-05-2011,34610.64,18169,68,825,5.970348387,8,15724,12179.56667,2011,2,5,0,FALSE
24-05-2011,37658.39,15936,68,913,4.11361815,3,14176.42857,12710.76667,2011,2,5,1,FALSE
25-05-2011,24393.9,13163,65,703,3.372406832,4,13340.71429,13149.53333,2011,2,5,2,FALSE
26-05-2011,33497.03,16264,64,547,4.417336152,6,13075,13153.83333,2011,2,5,3,FALSE
27-05-2011,28387.93,16209,64,643,4.47928952,4,13198,13086.86667,2011,2,5,4,FALSE
28-05-2011,0,0,0,0,4.47928952,0,13198,12640.33333,2011,2,5,5,TRUE
29-05-2011,7338.94,4067,24,443,2.718972268,2,11972.57143,12775.9,2011,2,5,6,TRUE
30-05-2011,0,0,0,0,2.718972268,0,9377,12775.9,2011,2,5,0,FALSE
31-05-2011,22652.61,11724,54,739,3.974648562,7,8775.285714,13039.56667,2011,2,5,1,FALSE
01-06-2011,20585.19,10965,42,822,3.978285109,4,8461.285714,13405.06667,2011,2,6,2,FALSE
02-06-2011,32800.49,14586,52,858,4.489602865,3,8221.571429,13476.13333,2011,2,6,3,FALSE
03-06-2011,16895.1,7679,44,559,3.821964497,6,7003,13153.33333,2011,2,6,4,FALSE
04-06-2011,0,0,0,0,3.821964497,0,7003,12572.13333,2011,2,6,5,TRUE
05-06-2011,25423.76,13397,67,755,3.175046667,5,8335.857143,12353.86667,2011,2,6,6,TRUE
06-06-2011,17767.12,9459,57,736,3.642898551,7,9687.142857,12669.16667,2011,2,6,0,FALSE
07-06-2011,37857.31,18731,78,986,3.472245445,5,10688.14286,12939.5,2011,2,6,1,FALSE
08-06-2011,43194.43,21260,99,1043,4.673299781,7,12158.85714,13203.03333,2011,2,6,2,FALSE
09-06-2011,46341.52,28265,85,990,3.824002211,11,14113,13485.73333,2011,2,6,3,FALSE
10-06-2011,62234.44,10669,50,639,5.321836935,4,14540.14286,13211.56667,2011,2,6,4,FALSE
11-06-2011,0,0,0,0,5.321836935,0,14540.14286,11952.43333,2011,2,6,5,TRUE
12-06-2011,12441.94,9457,39,649,2.841774809,3,13977.28571,11760.43333,2011,2,6,6,TRUE
13-06-2011,22434.76,11291,59,822,3.91831669,4,14239,12136.8,2011,2,6,0,FALSE
14-06-2011,40447.53,14602,57,876,3.999121579,1,13649.14286,12460.36667,2011,2,6,1,FALSE
15-06-2011,48974.63,30381,59,906,3.48453715,5,14952.14286,12939.1,2011,2,6,2,FALSE
16-06-2011,34529.01,20272,83,852,3.464869215,6,13810.28571,12722.53333,2011,2,6,3,FALSE
17-06-2011,21070.47,11753,52,574,3.227454545,5,13965.14286,12480.53333,2011,2,6,4,FALSE
18-06-2011,0,0,0,0,3.227454545,0,13965.14286,11876.4,2011,2,6,5,TRUE
19-06-2011,22421.48,15069,60,721,2.947989556,5,14766.85714,11867.1,2011,2,6,6,TRUE
20-06-2011,37489.24,16599,74,997,6.025337735,9,15525.14286,12420.4,2011,2,6,0,FALSE
21-06-2011,24752.87,14183,55,843,3.98433011,6,15465.28571,12471.66667,2011,2,6,1,FALSE
22-06-2011,21799.32,15818,60,646,3.555343968,8,13384.85714,12393.3,2011,2,6,2,FALSE
23-06-2011,25155.63,14670,72,960,3.219491437,7,12584.57143,12351.1,2011,2,6,3,FALSE
24-06-2011,19516.29,9981,51,647,4.261333333,5,12331.42857,12245.03333,2011,2,6,4,FALSE
25-06-2011,0,0,0,0,4.261333333,0,12331.42857,11702.9,2011,2,6,5,TRUE
26-06-2011,7032.36,3760,26,536,3.407480916,4,10715.85714,11287.93333,2011,2,6,6,TRUE
27-06-2011,16985.31,9898,45,712,3.985310044,3,9758.571429,11617.86667,2011,2,6,0,FALSE
28-06-2011,35545.83,21747,55,605,4.727642706,3,10839.14286,12207.2,2011,2,6,1,FALSE
29-06-2011,22087.47,12070,42,978,3.641195735,2,10303.71429,12609.53333,2011,2,6,2,FALSE
30-06-2011,44763.51,21949,70,939,3.386768559,5,11343.57143,12950.36667,2011,2,6,3,FALSE
01-07-2011,13632.21,7641,49,585,3.487810219,5,11009.28571,12839.56667,2011,3,7,4,FALSE
02-07-2011,0,0,0,0,3.487810219,0,11009.28571,12353.36667,2011,3,7,5,TRUE
03-07-2011,5972.73,3091,25,421,2.982062392,1,10913.71429,12200.43333,2011,3,7,6,TRUE
04-07-2011,44609.03,15698,52,1100,4.094346826,5,11742.28571,12723.7,2011,3,7,0,FALSE
05-07-2011,40754.68,22092,73,1144,4.316305351,4,11791.57143,13013.53333,2011,3,7,1,FALSE
06-07-2011,26361.28,19165,70,999,2.846814358,5,12805.14286,13337.06667,2011,3,7,2,FALSE
07-07-2011,32412.43,19141,76,1045,3.439777778,4,12404,13350.73333,2011,3,7,3,FALSE
08-07-2011,27057.35,12707,65,906,4.618184127,5,13127.71429,13065.63333,2011,3,7,4,FALSE
09-07-2011,0,0,0,0,4.618184127,0,13127.71429,12123.46667,2011,3,7,5,TRUE
10-07-2011,5959.54,4204,24,601,2.247023661,1,13286.71429,11907.96667,2011,3,7,6,TRUE
11-07-2011,22529.66,15106,52,926,2.918769439,5,13202.14286,12411.5,2011,3,7,0,FALSE
12-07-2011,26252.85,13954,53,976,3.941473812,4,12039.57143,12561.4,2011,3,7,1,FALSE
13-07-2011,22620.61,16267,59,946,3.182366604,7,11625.57143,12727.26667,2011,3,7,2,FALSE
14-07-2011,33560.26,17524,71,952,3.283022547,7,11394.57143,12824.66667,2011,3,7,3,FALSE
15-07-2011,14793.83,7310,42,839,4.290452489,4,10623.57143,12055.63333,2011,3,7,4,FALSE
16-07-2011,0,0,0,0,4.290452489,0,10623.57143,11379.9,2011,3,7,5,TRUE
17-07-2011,17154.26,11019,51,750,2.681364379,4,11597.14286,11355.43333,2011,3,7,6,TRUE
18-07-2011,38814.88,15098,65,1185,8.269454291,4,11596,11858.7,2011,3,7,0,FALSE
19-07-2011,50166.76,29168,67,851,3.140950862,6,13769.42857,12328.66667,2011,3,7,1,FALSE
20-07-2011,33252.33,17676,58,1050,3.519853609,5,13970.71429,12364.56667,2011,3,7,2,FALSE
21-07-2011,32695.77,19907,76,869,3.52455163,4,14311.14286,12555.36667,2011,3,7,3,FALSE
22-07-2011,20119.97,10270,43,875,3.225880503,3,14734,12370.43333,2011,3,7,4,FALSE
23-07-2011,0,0,0,0,3.225880503,0,14734,11881.43333,2011,3,7,5,TRUE
24-07-2011,27080.46,17661,58,649,2.83839495,5,15682.85714,12137.43333,2011,3,7,6,TRUE
25-07-2011,26876.39,16095,59,1020,4.058088083,5,15825.28571,12673.93333,2011,3,7,0,FALSE
26-07-2011,21635.561,13709,53,763,3.27878449,5,13616.85714,13005.56667,2011,3,7,1,FALSE
27-07-2011,25593.74,13962,48,747,3.198840461,6,13086.28571,13141.03333,2011,3,7,2,FALSE
28-07-2011,56243.32,30256,80,858,3.210120321,7,14564.71429,13424.66667,2011,3,7,3,FALSE
29-07-2011,18716.54,11559,64,682,3.184317774,3,14748.85714,13407.63333,2011,3,7,4,FALSE
30-07-2011,0,0,0,0,3.184317774,0,14748.85714,12676,2011,3,7,5,TRUE
31-07-2011,33209.68,19413,42,789,2.490851911,4,14999.14286,13068.4,2011,3,7,6,TRUE
01-08-2011,21358.64,11669,40,761,3.683037225,3,14366.85714,13457.36667,2011,3,8,0,FALSE
02-08-2011,26575.55,15718,44,848,3.632234763,6,14653.85714,13878.26667,2011,3,8,1,FALSE
03-08-2011,28068.2,16499,64,856,3.13700133,4,15016.28571,13904.96667,2011,3,8,2,FALSE
04-08-2011,65496.79,41143,82,895,3.527623596,9,16571.57143,14540,2011,3,8,3,FALSE
05-08-2011,21417.13,12750,55,836,3.099161381,5,16741.71429,14326.16667,2011,3,8,4,FALSE
06-08-2011,0,0,0,0,3.099161381,0,16741.71429,13688.13333,2011,3,8,5,TRUE
07-08-2011,7543.86,5175,30,403,2.356206897,2,14707.71429,13437.06667,2011,3,8,6,TRUE
08-08-2011,23363.01,13336,40,823,3.547216851,5,14945.85714,13881.6,2011,3,8,0,FALSE
09-08-2011,27672.24,16258,42,652,3.453502304,3,15023,14283.4,2011,3,8,1,FALSE
10-08-2011,28780.05,14414,49,827,3.812920354,7,14725.14286,14260.33333,2011,3,8,2,FALSE
11-08-2011,72372.89,39228,69,1045,7.262753247,5,14451.57143,15102.8,2011,3,8,3,FALSE
12-08-2011,32231.35,11978,51,711,13.6824278,7,14341.28571,14959.83333,2011,3,8,4,FALSE
13-08-2011,0,0,0,0,13.6824278,0,14341.28571,14375.7,2011,3,8,5,TRUE
14-08-2011,5701.87,3172,25,380,3.055028249,2,14055.14286,14237.76667,2011,3,8,6,TRUE
15-08-2011,17235.95,10173,48,614,3.007274725,6,13603.28571,14576.86667,2011,3,8,0,FALSE
16-08-2011,19234.53,11184,53,662,2.898976378,4,12878.42857,14582.36667,2011,3,8,1,FALSE
17-08-2011,53284.76,25649,54,939,3.974673581,5,14483.42857,14934.06667,2011,3,8,2,FALSE
18-08-2011,54059.1,34028,69,854,2.829249493,5,13740.57143,15096.06667,2011,3,8,3,FALSE
19-08-2011,17336.07,10664,56,556,2.781851852,7,13552.85714,14862.33333,2011,3,8,4,FALSE
20-08-2011,0,0,0,0,2.781851852,0,13552.85714,14198.76667,2011,3,8,5,TRUE
21-08-2011,14420.27,8081,39,656,3.10879692,6,14254.14286,14125.8,2011,3,8,6,TRUE
22-08-2011,29645.54,15542,65,732,2.834030087,4,15021.14286,14643.86667,2011,3,8,0,FALSE
23-08-2011,25978.59,15172,64,816,2.967685315,7,15590.85714,14560.9,2011,3,8,1,FALSE
24-08-2011,48789.72,29360,76,946,3.859977741,4,16121,15003.06667,2011,3,8,2,FALSE
25-08-2011,23773.43,13316,74,751,3.545505976,7,13162.14286,14989.96667,2011,3,8,3,FALSE
26-08-2011,25610.29,17125,47,623,2.846812227,6,14085.14286,15095.4,2011,3,8,4,FALSE
27-08-2011,0,0,0,0,2.846812227,0,14085.14286,14086.86667,2011,3,8,5,TRUE
28-08-2011,10686.56,6701,37,734,2.353047619,2,13888,13924.93333,2011,3,8,6,TRUE
29-08-2011,0,0,0,0,2.353047619,0,11667.71429,13924.93333,2011,3,8,0,FALSE
30-08-2011,31837.77,10236,41,1304,4.842835356,3,10962.57143,13619.03333,2011,3,8,1,FALSE
31-08-2011,25367.22,12449,47,785,4.615646141,5,8546.714286,13645.03333,2011,3,8,2,FALSE
01-09-2011,37358.62,27850,76,774,2.51976995,5,10623,14049.43333,2011,3,9,3,FALSE
02-09-2011,42226.28,18433,74,1120,4.482970169,9,10809.85714,14113.9,2011,3,9,4,FALSE
03-09-2011,0,0,0,0,4.482970169,0,10809.85714,12742.46667,2011,3,9,5,TRUE
04-09-2011,17040.74,10920,50,821,2.746511094,4,11412.57143,12681.46667,2011,3,9,6,TRUE
05-09-2011,36898.35,22742,68,885,2.913749196,6,14661.42857,13439.53333,2011,3,9,0,FALSE
06-09-2011,28321.06,15070,64,706,2.996606822,4,15352,13769.36667,2011,3,9,1,FALSE
07-09-2011,34413.53,16390,52,1086,4.810370549,3,15915,13871.16667,2011,3,9,2,FALSE
08-09-2011,27055.88,17404,76,933,3.109510369,6,14422.71429,13909.36667,2011,3,9,3,FALSE
09-09-2011,30016.33,17358,62,911,3.424272786,6,14269.14286,14007.5,2011,3,9,4,FALSE
10-09-2011,0,0,0,0,3.424272786,0,14269.14286,12699.9,2011,3,9,5,TRUE
11-09-2011,35206.92,20906,75,1017,2.904522843,3,15695.71429,12997.5,2011,3,9,6,TRUE
12-09-2011,29526.29,16824,68,901,3.169430341,1,14850.28571,13558.3,2011,3,9,0,FALSE
13-09-2011,55071.3,36519,67,1095,3.583356817,6,17914.42857,14669.86667,2011,3,9,1,FALSE
14-09-2011,23578.78,14186,68,849,3.06611153,6,17599.57143,14803.63333,2011,3,9,2,FALSE
15-09-2011,78151.97,29281,83,1007,4.867969188,5,19296.28571,15406.86667,2011,3,9,3,FALSE
16-09-2011,27720.27,15051,50,800,3.790758525,3,18966.71429,15053.6,2011,3,9,4,FALSE
17-09-2011,0,0,0,0,3.790758525,0,18966.71429,13919.33333,2011,3,9,5,TRUE
18-09-2011,15639.55,8937,27,829,2.867418066,1,17256.85714,13861.76667,2011,3,9,6,TRUE
19-09-2011,49250.87,29248,71,765,4.872340116,11,19031.71429,14836.7,2011,3,9,0,FALSE
20-09-2011,109553.9,43683,70,895,4.03178635,6,20055.14286,16023.43333,2011,3,9,1,FALSE
21-09-2011,48529.72,22312,75,1329,4.478651425,8,21216,16249.1,2011,3,9,2,FALSE
22-09-2011,59220.41,33144,112,1193,2.986923366,10,21767.85714,16848.16667,2011,3,9,3,FALSE
23-09-2011,40574.4,21872,64,1271,3.690345095,5,22742.28571,16598.56667,2011,3,9,4,FALSE
24-09-2011,0,0,0,0,3.690345095,0,22742.28571,16154.7,2011,3,9,5,TRUE
25-09-2011,31164.781,19424,75,979,2.829301036,6,24240.42857,16231.33333,2011,3,9,6,TRUE
26-09-2011,29270.841,15249,66,900,3.598180079,5,22240.57143,16739.63333,2011,3,9,0,FALSE
27-09-2011,36260.91,21231,80,1006,3.591054348,5,19033.14286,17223.96667,2011,3,9,1,FALSE
28-09-2011,43693.08,25530,85,1299,3.195299359,8,19492.85714,18074.96667,2011,3,9,2,FALSE
29-09-2011,46343.35,27456,105,1134,2.849743172,5,18680.28571,18648.96667,2011,3,9,3,FALSE
30-09-2011,44347.06,22553,74,970,3.736068515,5,18777.57143,18985.76667,2011,3,9,4,FALSE
01-10-2011,0,0,0,0,3.736068515,0,18777.57143,18057.43333,2011,4,10,5,TRUE
02-10-2011,11531.56,8332,35,862,2.616690493,1,17193,17720.73333,2011,4,10,6,TRUE
03-10-2011,66243.94,25942,68,1088,5.28915292,2,18720.57143,18585.46667,2011,4,10,0,FALSE
04-10-2011,48652.54,25284,81,1190,3.679142437,6,19299.57143,19064.26667,2011,4,10,1,FALSE
05-10-2011,75460.77,46222,96,1104,3.141340426,7,22255.57143,19846.93333,2011,4,10,2,FALSE
06-10-2011,62761.92,35367,122,1253,3.051485972,7,23385.71429,20523.5,2011,4,10,3,FALSE
07-10-2011,53692.5,30914,88,1068,3.127570937,9,24580.14286,21007.63333,2011,4,10,4,FALSE
08-10-2011,0,0,0,0,3.127570937,0,24580.14286,20427.5,2011,4,10,5,TRUE
09-10-2011,12273.1,7285,39,798,2.670098441,1,24430.57143,20091.73333,2011,4,10,6,TRUE
10-10-2011,48121.66,26121,100,1323,3.656471342,6,24456.14286,20962.43333,2011,4,10,0,FALSE
11-10-2011,52537.31,28477,82,1227,3.300931006,9,24912.28571,21214.8,2011,4,10,1,FALSE
12-10-2011,32083.11,17639,88,1061,3.521187873,7,20829,21241.96667,2011,4,10,2,FALSE
13-10-2011,37232.47,18681,77,1164,3.7731977,9,18445.28571,20647.36667,2011,4,10,3,FALSE
14-10-2011,36294.58,18134,74,991,3.729022727,10,16619.57143,20778.96667,2011,4,10,4,FALSE
15-10-2011,0,0,0,0,3.729022727,0,16619.57143,19802.93333,2011,4,10,5,TRUE
16-10-2011,21767.94,8649,35,800,3.436098361,1,16814.42857,19589.53333,2011,4,10,6,TRUE
17-10-2011,51925.61,31319,89,1339,3.938932174,6,17557,20633.5,2011,4,10,0,FALSE
18-10-2011,45277.92,29285,84,1236,3.137249647,8,17672.42857,21311.76667,2011,4,10,1,FALSE
19-10-2011,42467.72,19178,85,1186,6.387507844,8,17892.28571,20976.1,2011,4,10,2,FALSE
20-10-2011,60969.14,40855,89,1146,3.000812721,6,21060,20881.83333,2011,4,10,3,FALSE
21-10-2011,63173.39,24779,64,802,2.923688406,7,22009.28571,20964.06667,2011,4,10,4,FALSE
22-10-2011,0,0,0,0,2.923688406,0,22009.28571,19859.26667,2011,4,10,5,TRUE
23-10-2011,12156.57,6953,42,969,2.755319785,1,21767,19361.96667,2011,4,10,6,TRUE
24-10-2011,48335.52,25922,78,1326,4.464570007,4,20996,20226.03333,2011,4,10,0,FALSE
25-10-2011,41192.55,26818,77,1131,2.960107216,5,20643.57143,20472.5,2011,4,10,1,FALSE
26-10-2011,37729.47,20617,95,1049,3.80680429,6,20849.14286,20651.43333,2011,4,10,2,FALSE
27-10-2011,57201.78,32761,106,1135,6.590665578,7,19692.85714,21035.76667,2011,4,10,3,FALSE
28-10-2011,40455.26,23998,78,858,3.009540302,7,19581.28571,20984.7,2011,4,10,4,FALSE
29-10-2011,0,0,0,0,3.009540302,0,19581.28571,20069.5,2011,4,10,5,TRUE
30-10-2011,34397.95,19943,96,1213,2.605750877,7,21437,19982.5,2011,4,10,6,TRUE
31-10-2011,57327.45,21554,72,1599,5.521646849,8,20813,20700.96667,2011,4,10,0,FALSE
01-11-2011,29091.9,16546,77,886,2.898039673,4,19345.57143,20974.76667,2011,4,11,1,FALSE
02-11-2011,45690.08,28488,85,1238,3.586259303,7,20470,21059.63333,2011,4,11,2,FALSE
03-11-2011,63425.47,34314,103,1205,3.200217577,7,20691.85714,21360.63333,2011,4,11,3,FALSE
04-11-2011,62594.59,35144,94,1262,2.78291108,7,22284.14286,20991.36667,2011,4,11,4,FALSE
05-11-2011,0,0,0,0,2.78291108,0,22284.14286,19812.46667,2011,4,11,5,TRUE
06-11-2011,42513.59,23089,102,1312,2.761441819,6,22733.57143,19551.63333,2011,4,11,6,TRUE
07-11-2011,85705.3,31299,93,1048,4.084881306,7,24125.71429,20594.93333,2011,4,11,0,FALSE
08-11-2011,57557.03,26366,108,1477,4.141656457,4,25528.57143,21230.96667,2011,4,11,1,FALSE
09-11-2011,65879.97,38139,119,1245,3.236215094,4,26907.28571,21631.56667,2011,4,11,2,FALSE
10-11-2011,70868,38079,129,1305,3.646766751,6,27445.14286,21951.63333,2011,4,11,3,FALSE
11-11-2011,55107.87,28967,105,1533,3.460714464,7,26562.71429,22329.23333,2011,4,11,4,FALSE
12-11-2011,0,0,0,0,3.460714464,0,26562.71429,21706.53333,2011,4,11,5,TRUE
13-11-2011,33878.15,20686,87,1259,3.048016978,4,26219.42857,21791.6,2011,4,11,6,TRUE
14-11-2011,114237.4,47236,107,1416,3.840855415,9,28496.14286,23366.13333,2011,4,11,0,FALSE
15-11-2011,60613.8,30318,108,1456,3.874577381,6,29060.71429,24088.43333,2011,4,11,1,FALSE
16-11-2011,65672.53,32955,130,1516,4.040610593,6,28320.14286,24142.96667,2011,4,11,2,FALSE
17-11-2011,60901.32,31596,137,1439,3.240858931,13,27394,24220,2011,4,11,3,FALSE
18-11-2011,51130.39,23921,108,1239,3.320743414,10,26673.14286,24378.1,2011,4,11,4,FALSE
19-11-2011,0,0,0,0,3.320743414,0,26673.14286,23016.26667,2011,4,11,5,TRUE
20-11-2011,34509.21,19107,100,1285,3.152354218,7,26447.57143,22827.2,2011,4,11,6,TRUE
21-11-2011,49674.6,25705,100,1259,3.244723104,7,23371.71429,23684.03333,2011,4,11,0,FALSE
22-11-2011,63863.48,35367,135,1504,3.31614282,8,24093,24631.16667,2011,4,11,1,FALSE
23-11-2011,79847,39295,131,1408,4.392781589,9,24998.71429,25076.93333,2011,4,11,2,FALSE
24-11-2011,50759.21,26396,113,1510,3.63143601,8,24255.85714,25062.86667,2011,4,11,3,FALSE
25-11-2011,50690.4,18923,83,1378,4.711957166,5,23541.85714,25006.4,2011,4,11,4,FALSE
26-11-2011,0,0,0,0,4.711957166,0,23541.85714,23914.36667,2011,4,11,5,TRUE
27-11-2011,20279.37,10942,57,1123,2.577320099,2,22375.42857,23479.16667,2011,4,11,6,TRUE
28-11-2011,56965.73,29334,115,1442,3.889889197,4,22893.85714,24456.96667,2011,4,11,0,FALSE
29-11-2011,72384.82,30809,135,1557,4.400158881,8,22242.71429,24819.16667,2011,4,11,1,FALSE
30-11-2011,60025.57,28356,108,1381,4.563229572,9,20680,25045.9,2011,4,11,2,FALSE
01-12-2011,52068.63,27004,121,1252,3.532950233,5,20766.85714,25394.5,2011,4,12,3,FALSE
02-12-2011,57476.48,28690,120,1314,3.631299354,7,22162.14286,25401.23333,2011,4,12,4,FALSE
03-12-2011,0,0,0,0,3.631299354,0,22162.14286,24257.43333,2011,4,12,5,TRUE
04-12-2011,24477.47,12296,66,1038,2.765301266,4,22355.57143,23495.83333,2011,4,12,6,TRUE
05-12-2011,88620.84,44497,127,1767,5.039904907,10,24521.71429,24979.06667,2011,4,12,0,FALSE
06-12-2011,56558.83,30377,115,1421,3.068031766,7,24460,25222,2011,4,12,1,FALSE
07-12-2011,75315.55,41789,106,1113,3.700458015,8,26379,25571.66667,2011,4,12,2,FALSE
08-12-2011,82371.55,35010,120,1665,4.437407944,6,27522.71429,25859.8,2011,4,12,3,FALSE
09-12-2011,200918.98,93950,44,1082,5.553323039,5,36845.57143,27720.16667,2011,4,12,4,FALSE
