Date,Total_Quantity,Invoice_Count,SKU_Count,Rolling_7_Day_Demand,Rolling_30_Day_Demand,Year,Month,Week_Of_Year,Day_Of_Week,Is_Weekend
2009-12-01,26098.0,119.0,1328.0,26098.0,26098.0,2009,12,49,1,False
2009-12-02,31804.0,115.0,1392.0,28951.0,28951.0,2009,12,49,2,False
2009-12-03,49221.0,124.0,1321.0,35707.666666666664,35707.666666666664,2009,12,49,3,False
2009-12-04,21210.0,89.0,1252.0,32083.25,32083.25,2009,12,49,4,False
2009-12-05,5119.0,30.0,285.0,26690.4,26690.4,2009,12,49,5,True
2009-12-06,11533.0,74.0,966.0,24164.166666666668,24164.166666666668,2009,12,49,6,True
2009-12-07,17955.0,101.0,1338.0,23277.14285714286,23277.14285714286,2009,12,50,0,False
2009-12-08,23143.0,109.0,1129.0,22855.0,23260.375,2009,12,50,1,False
2009-12-09,17840.0,88.0,1297.0,20860.14285714286,22658.11111111111,2009,12,50,2,False
2009-12-10,23579.0,92.0,1212.0,17197.0,22750.2,2009,12,50,3,False
2009-12-11,21268.0,70.0,840.0,17205.285714285714,22615.454545454544,2009,12,50,4,False
2009-12-12,0.0,0.0,0.0,16474.0,20730.833333333332,2009,12,50,5,True
2009-12-13,12517.0,71.0,978.0,16614.571428571428,20099.0,2009,12,50,6,True
2009-12-14,45332.0,90.0,1584.0,20525.571428571428,21901.35714285714,2009,12,51,0,False
2009-12-15,27064.0,98.0,1025.0,21085.714285714286,22245.533333333333,2009,12,51,1,False
2009-12-16,24891.0,98.0,1420.0,22093.0,22410.875,2009,12,51,2,False
2009-12-17,15413.0,104.0,1037.0,20926.428571428572,21999.235294117647,2009,12,51,3,False
2009-12-18,17402.0,68.0,1119.0,20374.14285714286,21743.833333333332,2009,12,51,4,False
2009-12-19,0.0,0.0,0.0,20374.14285714286,20599.42105263158,2009,12,51,5,True
2009-12-20,6245.0,34.0,464.0,19478.14285714286,19881.7,2009,12,51,6,True
2009-12-21,8771.0,41.0,454.0,14255.142857142857,19352.619047619046,2009,12,52,0,False
2009-12-22,14478.0,45.0,1024.0,12457.142857142857,19131.045454545456,2009,12,52,1,False
2009-12-23,4578.0,22.0,369.0,9555.285714285714,18498.304347826088,2009,12,52,2,False
2009-12-24,0.0,0.0,0.0,7353.428571428572,17727.541666666668,2009,12,52,3,False
2009-12-25,0.0,0.0,0.0,4867.428571428572,17018.44,2009,12,52,4,False
2009-12-26,0.0,0.0,0.0,4867.428571428572,16363.884615384615,2009,12,52,5,True
2009-12-27,0.0,0.0,0.0,3975.285714285714,15757.814814814816,2009,12,52,6,True
2009-12-28,0.0,0.0,0.0,2722.285714285714,15195.035714285714,2009,12,53,0,False
2009-12-29,0.0,0.0,0.0,654.0,14671.068965517241,2009,12,53,1,False
2009-12-30,0.0,0.0,0.0,0.0,14182.033333333333,2009,12,53,2,False
2009-12-31,0.0,0.0,0.0,0.0,13312.1,2009,12,53,3,False
2010-01-01,0.0,0.0,0.0,0.0,12251.966666666667,2010,1,53,4,False
2010-01-02,0.0,0.0,0.0,0.0,10611.266666666666,2010,1,53,5,True
2010-01-03,0.0,0.0,0.0,0.0,9904.266666666666,2010,1,53,6,True
2010-01-04,10646.0,29.0,479.0,1520.857142857143,10088.5,2010,1,1,0,False
2010-01-05,11296.0,36.0,620.0,3134.5714285714284,10080.6,2010,1,1,1,False
2010-01-06,7459.0,14.0,249.0,4200.142857142857,9730.733333333334,2010,1,1,2,False
2010-01-07,40614.0,47.0,656.0,10002.142857142857,10313.1,2010,1,1,3,False
2010-01-08,12695.0,45.0,500.0,11815.714285714286,10141.6,2010,1,1,4,False
2010-01-09,0.0,0.0,0.0,11815.714285714286,9355.633333333333,2010,1,1,5,True
2010-01-10,13383.0,34.0,487.0,13727.57142857143,9092.8,2010,1,1,6,True
2010-01-11,13980.0,56.0,1067.0,14203.857142857143,9558.8,2010,1,2,0,False
2010-01-12,21264.0,39.0,766.0,15627.857142857143,9850.366666666667,2010,1,2,1,False
2010-01-13,8835.0,30.0,902.0,15824.42857142857,8633.8,2010,1,2,2,False
2010-01-14,13784.0,58.0,1038.0,11991.57142857143,8191.133333333333,2010,1,2,3,False
2010-01-15,8419.0,46.0,430.0,11380.714285714286,7642.066666666667,2010,1,2,4,False
2010-01-16,0.0,0.0,0.0,11380.714285714286,7128.3,2010,1,2,5,True
2010-01-17,9911.0,40.0,683.0,10884.714285714286,6878.6,2010,1,2,6,True
2010-01-18,10333.0,40.0,1002.0,10363.714285714286,7223.033333333334,2010,1,3,0,False
2010-01-19,15274.0,47.0,1065.0,9508.0,7524.0,2010,1,3,1,False
2010-01-20,9477.0,37.0,761.0,9599.714285714286,7547.533333333334,2010,1,3,2,False
2010-01-21,72900.0,48.0,732.0,18044.85714285714,9494.933333333332,2010,1,3,3,False
2010-01-22,18573.0,45.0,862.0,19495.428571428572,9961.433333333332,2010,1,3,4,False
2010-01-23,0.0,0.0,0.0,19495.428571428572,9961.433333333332,2010,1,3,5,True
2010-01-24,8846.0,50.0,705.0,19343.285714285714,10256.3,2010,1,3,6,True
2010-01-25,10038.0,57.0,905.0,19301.14285714286,10590.9,2010,1,4,0,False
2010-01-26,22968.0,93.0,814.0,20400.285714285714,11356.5,2010,1,4,1,False
2010-01-27,17837.0,56.0,870.0,21594.571428571428,11951.066666666668,2010,1,4,2,False
2010-01-28,11243.0,56.0,717.0,12786.42857142857,12325.833333333334,2010,1,4,3,False
2010-01-29,10162.0,49.0,689.0,11584.857142857143,12664.566666666668,2010,1,4,4,False
2010-01-30,0.0,0.0,0.0,11584.857142857143,12664.566666666668,2010,1,4,5,True
2010-01-31,10735.0,53.0,793.0,11854.714285714286,13022.4,2010,1,4,6,True
2010-02-01,9251.0,66.0,833.0,11742.285714285714,13330.766666666666,2010,2,5,0,False
2010-02-02,11094.0,46.0,734.0,10046.0,13700.566666666668,2010,2,5,1,False
2010-02-03,10285.0,49.0,856.0,8967.142857142857,13688.533333333333,2010,2,5,2,False
2010-02-04,12798.0,64.0,819.0,9189.285714285714,13738.6,2010,2,5,3,False
2010-02-05,10342.0,40.0,612.0,9215.0,13834.7,2010,2,5,4,False
2010-02-06,0.0,0.0,0.0,9215.0,12480.9,2010,2,5,5,True
2010-02-07,11186.0,30.0,543.0,9279.42857142857,12430.6,2010,2,5,6,True
2010-02-08,8616.0,60.0,784.0,9188.714285714286,12717.8,2010,2,6,0,False
2010-02-09,10891.0,54.0,667.0,9159.714285714286,12634.733333333334,2010,2,6,1,False
2010-02-10,3761.0,31.0,615.0,8227.714285714286,12294.1,2010,2,6,2,False
2010-02-11,9035.0,56.0,511.0,7690.142857142857,11886.466666666667,2010,2,6,3,False
2010-02-12,7652.0,32.0,571.0,7305.857142857143,11847.033333333333,2010,2,6,4,False
2010-02-13,0.0,0.0,0.0,7305.857142857143,11387.566666666668,2010,2,6,5,True
2010-02-14,10895.0,46.0,706.0,7264.285714285715,11470.1,2010,2,6,6,True
2010-02-15,96425.0,45.0,567.0,19808.428571428572,14684.266666666666,2010,2,7,0,False
2010-02-16,16711.0,61.0,1051.0,20639.85714285714,14910.933333333332,2010,2,7,1,False
2010-02-17,25014.0,49.0,648.0,23676.0,15400.3,2010,2,7,2,False
2010-02-18,19853.0,63.0,773.0,25221.428571428572,15552.933333333332,2010,2,7,3,False
2010-02-19,12611.0,58.0,921.0,25929.85714285714,15657.4,2010,2,7,4,False
2010-02-20,0.0,0.0,0.0,25929.85714285714,13227.4,2010,2,7,5,True
2010-02-21,5555.0,37.0,584.0,25167.0,12793.466666666667,2010,2,7,6,True
2010-02-22,13427.0,48.0,666.0,13310.142857142857,13241.033333333333,2010,2,8,0,False
2010-02-23,11873.0,47.0,733.0,12619.0,13341.933333333332,2010,2,8,1,False
2010-02-24,22454.0,63.0,782.0,12253.285714285714,13755.8,2010,2,8,2,False
2010-02-25,26312.0,67.0,856.0,13176.0,13867.266666666666,2010,2,8,3,False
2010-02-26,7419.0,36.0,684.0,12434.285714285714,13520.0,2010,2,8,4,False
2010-02-27,0.0,0.0,0.0,12434.285714285714,13145.233333333334,2010,2,8,5,True
2010-02-28,8419.0,53.0,736.0,12843.42857142857,13087.133333333333,2010,2,8,6,True
2010-03-01,21448.0,58.0,777.0,13989.285714285714,13802.066666666668,2010,3,9,0,False
2010-03-02,11897.0,55.0,929.0,13992.714285714286,13840.8,2010,3,9,1,False
2010-03-03,20381.0,63.0,1014.0,13696.57142857143,14211.8,2010,3,9,2,False
2010-03-04,18546.0,74.0,989.0,12587.142857142857,14460.2,2010,3,9,3,False
2010-03-05,18260.0,81.0,771.0,14135.857142857143,14726.033333333333,2010,3,9,4,False
2010-03-06,0.0,0.0,0.0,14135.857142857143,14299.433333333332,2010,3,9,5,True
2010-03-07,10927.0,58.0,1076.0,14494.142857142857,14318.933333333332,2010,3,9,6,True
2010-03-08,15620.0,76.0,1042.0,13661.57142857143,14839.6,2010,3,10,0,False
2010-03-09,12353.0,57.0,736.0,13726.714285714286,14878.5,2010,3,10,1,False
2010-03-10,18013.0,61.0,924.0,13388.42857142857,15191.733333333334,2010,3,10,2,False
2010-03-11,14179.0,48.0,839.0,12764.57142857143,15301.333333333334,2010,3,10,3,False
2010-03-12,11029.0,36.0,646.0,11731.57142857143,15543.6,2010,3,10,4,False
2010-03-13,0.0,0.0,0.0,11731.57142857143,15242.433333333332,2010,3,10,5,True
2010-03-14,4927.0,24.0,447.0,10874.42857142857,15151.6,2010,3,10,6,True
2010-03-15,15166.0,57.0,958.0,10809.57142857143,15657.133333333333,2010,3,11,0,False
2010-03-16,12845.0,45.0,780.0,10879.857142857143,15722.133333333333,2010,3,11,1,False
2010-03-17,78859.0,48.0,768.0,19572.14285714286,15136.6,2010,3,11,2,False
2010-03-18,23659.0,86.0,840.0,20926.428571428572,15368.2,2010,3,11,3,False
2010-03-19,13368.0,62.0,746.0,21260.571428571428,14980.0,2010,3,11,4,False
2010-03-20,0.0,0.0,0.0,21260.571428571428,14318.233333333334,2010,3,11,5,True
2010-03-21,12281.0,56.0,795.0,22311.14285714286,14307.233333333334,2010,3,11,6,True
2010-03-22,12821.0,56.0,859.0,21976.14285714286,14734.6,2010,3,12,0,False
2010-03-23,54452.0,71.0,745.0,27920.0,16364.5,2010,3,12,1,False
2010-03-24,14409.0,73.0,843.0,18712.85714285714,16397.233333333334,2010,3,12,2,False
2010-03-25,17094.0,85.0,939.0,17775.0,16571.266666666666,2010,3,12,3,False
2010-03-26,20924.0,62.0,876.0,18854.428571428572,16520.266666666666,2010,3,12,4,False
2010-03-27,0.0,0.0,0.0,18854.428571428572,15643.2,2010,3,12,5,True
2010-03-28,14517.0,59.0,902.0,19173.85714285714,15879.8,2010,3,12,6,True
2010-03-29,25151.0,85.0,1024.0,20935.285714285714,16718.166666666668,2010,3,13,0,False
2010-03-30,19258.0,70.0,987.0,15907.57142857143,17079.466666666667,2010,3,13,1,False
2010-03-31,13642.0,75.0,946.0,15798.0,16819.266666666666,2010,3,13,2,False
2010-04-01,17291.0,79.0,903.0,15826.142857142857,16999.066666666666,2010,4,13,3,False
2010-04-02,0.0,0.0,0.0,12837.0,16319.7,2010,4,13,4,False
2010-04-03,0.0,0.0,0.0,12837.0,15701.5,2010,4,13,5,True
2010-04-04,0.0,0.0,0.0,10763.142857142857,15092.833333333334,2010,4,13,6,True
2010-04-05,0.0,0.0,0.0,7170.142857142857,15092.833333333334,2010,4,14,0,False
2010-04-06,13022.0,55.0,689.0,6279.285714285715,15162.666666666666,2010,4,14,1,False
2010-04-07,23528.0,61.0,822.0,7691.571428571428,15426.266666666666,2010,4,14,2,False
2010-04-08,26803.0,86.0,1015.0,9050.42857142857,15907.933333333332,2010,4,14,3,False
2010-04-09,9120.0,51.0,595.0,10353.285714285714,15611.5,2010,4,14,4,False
2010-04-10,0.0,0.0,0.0,10353.285714285714,15138.866666666667,2010,4,14,5,True
2010-04-11,11585.0,42.0,662.0,12008.285714285714,15157.4,2010,4,14,6,True
2010-04-12,12839.0,46.0,587.0,13842.42857142857,15585.366666666667,2010,4,15,0,False
2010-04-13,14446.0,52.0,728.0,14045.857142857143,15902.666666666666,2010,4,15,1,False
2010-04-14,16329.0,45.0,616.0,13017.42857142857,15941.433333333332,2010,4,15,2,False
2010-04-15,10769.0,74.0,653.0,10726.857142857143,15872.233333333334,2010,4,15,3,False
2010-04-16,14865.0,42.0,582.0,11547.57142857143,13739.1,2010,4,15,4,False
2010-04-17,0.0,0.0,0.0,11547.57142857143,12950.466666666667,2010,4,15,5,True
2010-04-18,12961.0,54.0,751.0,11744.142857142857,12936.9,2010,4,15,6,True
2010-04-19,19363.0,74.0,1247.0,12676.142857142857,13582.333333333334,2010,4,16,0,False
2010-04-20,13464.0,68.0,827.0,12535.857142857143,13621.766666666666,2010,4,16,1,False
2010-04-21,13264.0,66.0,727.0,12098.0,13636.533333333333,2010,4,16,2,False
2010-04-22,21576.0,79.0,755.0,13641.857142857143,12540.666666666666,2010,4,16,3,False
2010-04-23,10212.0,57.0,660.0,12977.142857142857,12400.766666666666,2010,4,16,4,False
2010-04-24,0.0,0.0,0.0,12977.142857142857,11830.966666666667,2010,4,16,5,True
2010-04-25,8380.0,46.0,729.0,12322.714285714286,11412.833333333334,2010,4,16,6,True
2010-04-26,19555.0,99.0,915.0,12350.142857142857,12064.666666666666,2010,4,17,0,False
2010-04-27,23403.0,79.0,832.0,13770.0,12360.866666666667,2010,4,17,1,False
2010-04-28,19380.0,73.0,901.0,14643.714285714286,12168.5,2010,4,17,2,False
2010-04-29,17039.0,84.0,1033.0,13995.57142857143,12094.533333333333,2010,4,17,3,False
2010-04-30,17511.0,50.0,726.0,15038.285714285714,12223.5,2010,4,17,4,False
2010-05-01,0.0,0.0,0.0,15038.285714285714,11647.133333333333,2010,5,17,5,True
2010-05-02,6296.0,40.0,530.0,14740.57142857143,11857.0,2010,5,17,6,True
2010-05-03,0.0,0.0,0.0,11947.0,11857.0,2010,5,18,0,False
2010-05-04,11192.0,52.0,806.0,10202.57142857143,12230.066666666668,2010,5,18,1,False
2010-05-05,15625.0,82.0,803.0,9666.142857142857,12750.9,2010,5,18,2,False
2010-05-06,31089.0,84.0,945.0,11673.285714285714,13353.133333333333,2010,5,18,3,False
2010-05-07,23171.0,66.0,797.0,12481.857142857143,13341.233333333334,2010,5,18,4,False
2010-05-08,0.0,0.0,0.0,12481.857142857143,12447.8,2010,5,18,5,True
2010-05-09,11825.0,62.0,895.0,13271.714285714286,12537.966666666667,2010,5,18,6,True
2010-05-10,15713.0,77.0,906.0,15516.42857142857,13061.733333333334,2010,5,19,0,False
2010-05-11,18150.0,65.0,909.0,16510.428571428572,13280.566666666668,2010,5,19,1,False
2010-05-12,21669.0,65.0,739.0,17373.85714285714,13574.9,2010,5,19,2,False
2010-05-13,26817.0,66.0,767.0,16763.571428571428,13987.266666666666,2010,5,19,3,False
2010-05-14,14348.0,49.0,553.0,15503.142857142857,13921.233333333334,2010,5,19,4,False
2010-05-15,0.0,0.0,0.0,15503.142857142857,13562.266666666666,2010,5,19,5,True
2010-05-16,11028.0,44.0,829.0,15389.285714285714,13434.366666666667,2010,5,19,6,True
2010-05-17,13811.0,49.0,771.0,15117.57142857143,13894.733333333334,2010,5,20,0,False
2010-05-18,22477.0,64.0,818.0,15735.714285714286,14211.933333333332,2010,5,20,1,False
2010-05-19,9644.0,61.0,705.0,14017.857142857143,13887.966666666667,2010,5,20,2,False
2010-05-20,15590.0,67.0,844.0,12414.0,13958.833333333334,2010,5,20,3,False
2010-05-21,10076.0,52.0,797.0,11803.714285714286,13852.566666666668,2010,5,20,4,False
2010-05-22,0.0,0.0,0.0,11803.714285714286,13133.366666666667,2010,5,20,5,True
2010-05-23,13889.0,49.0,677.0,12212.42857142857,13255.933333333332,2010,5,20,6,True
2010-05-24,32771.0,71.0,748.0,14921.0,14348.3,2010,5,21,0,False
2010-05-25,15014.0,61.0,760.0,13854.857142857143,14569.433333333332,2010,5,21,1,False
2010-05-26,18921.0,96.0,897.0,15180.142857142857,14548.3,2010,5,21,2,False
2010-05-27,17905.0,88.0,930.0,15510.857142857143,14365.033333333333,2010,5,21,3,False
2010-05-28,12627.0,58.0,715.0,15875.285714285714,14139.933333333332,2010,5,21,4,False
2010-05-29,0.0,0.0,0.0,15875.285714285714,13571.966666666667,2010,5,21,5,True
2010-05-30,6220.0,32.0,560.0,14779.714285714286,13195.6,2010,5,21,6,True
2010-05-31,0.0,0.0,0.0,10098.142857142857,13195.6,2010,5,22,0,False
2010-06-01,8287.0,47.0,757.0,9137.142857142857,13261.966666666667,2010,6,22,1,False
2010-06-02,11808.0,46.0,667.0,8121.0,13655.566666666668,2010,6,22,2,False
2010-06-03,17585.0,67.0,913.0,8075.285714285715,13868.666666666666,2010,6,22,3,False
2010-06-04,8167.0,51.0,812.0,7438.142857142857,13620.066666666668,2010,6,22,4,False
2010-06-05,0.0,0.0,0.0,7438.142857142857,12583.766666666666,2010,6,22,5,True
2010-06-06,14079.0,68.0,965.0,8560.857142857143,12280.7,2010,6,22,6,True
2010-06-07,29457.0,103.0,1163.0,12769.0,13262.6,2010,6,23,0,False
2010-06-08,25848.0,81.0,1047.0,15277.714285714286,13730.033333333333,2010,6,23,1,False
2010-06-09,25410.0,68.0,765.0,17220.85714285714,14053.266666666666,2010,6,23,2,False
2010-06-10,9683.0,66.0,589.0,16092.0,13771.033333333333,2010,6,23,3,False
2010-06-11,21405.0,86.0,925.0,17983.14285714286,13762.233333333334,2010,6,23,4,False
2010-06-12,0.0,0.0,0.0,17983.14285714286,12868.333333333334,2010,6,23,5,True
2010-06-13,11120.0,70.0,834.0,17560.428571428572,12760.733333333334,2010,6,23,6,True
2010-06-14,16206.0,57.0,928.0,15667.42857142857,13300.933333333332,2010,6,24,0,False
2010-06-15,19496.0,52.0,863.0,14760.0,13583.2,2010,6,24,1,False
2010-06-16,18986.0,81.0,954.0,13842.285714285714,13755.7,2010,6,24,2,False
2010-06-17,13238.0,78.0,850.0,14350.142857142857,13447.733333333334,2010,6,24,3,False
2010-06-18,9608.0,50.0,599.0,12664.857142857143,13446.533333333333,2010,6,24,4,False
2010-06-19,0.0,0.0,0.0,12664.857142857143,12926.866666666667,2010,6,24,5,True
2010-06-20,4487.0,26.0,333.0,11717.285714285714,12740.566666666668,2010,6,24,6,True
2010-06-21,12061.0,44.0,1000.0,11125.142857142857,13142.6,2010,6,25,0,False
2010-06-22,6978.0,43.0,667.0,9336.857142857143,12912.233333333334,2010,6,25,1,False
2010-06-23,16258.0,68.0,763.0,8947.142857142857,12361.8,2010,6,25,2,False
2010-06-24,11306.0,73.0,737.0,8671.142857142857,12238.2,2010,6,25,3,False
2010-06-25,7997.0,45.0,787.0,8441.0,11874.066666666668,2010,6,25,4,False
2010-06-26,0.0,0.0,0.0,8441.0,11277.233333333334,2010,6,25,5,True
2010-06-27,10851.0,55.0,748.0,9350.142857142857,11218.033333333333,2010,6,25,6,True
2010-06-28,34536.0,70.0,920.0,12560.857142857143,12369.233333333334,2010,6,26,0,False
2010-06-29,20923.0,71.0,853.0,14553.0,12859.333333333334,2010,6,26,1,False
2010-06-30,21040.0,79.0,922.0,15236.142857142857,13560.666666666666,2010,6,26,2,False
2010-07-01,16493.0,85.0,895.0,15977.142857142857,13834.2,2010,7,26,3,False
2010-07-02,8709.0,47.0,635.0,16078.857142857143,13730.9,2010,7,26,4,False
2010-07-03,0.0,0.0,0.0,16078.857142857143,13144.733333333334,2010,7,26,5,True
2010-07-04,5302.0,21.0,463.0,15286.142857142857,13049.233333333334,2010,7,26,6,True
2010-07-05,16630.0,85.0,795.0,12728.142857142857,13603.566666666668,2010,7,27,0,False
2010-07-06,11962.0,58.0,681.0,11448.0,13533.0,2010,7,27,1,False
2010-07-07,14692.0,77.0,910.0,10541.142857142857,13040.833333333334,2010,7,27,2,False
2010-07-08,11756.0,70.0,773.0,9864.42857142857,12571.1,2010,7,27,3,False
2010-07-09,14072.0,30.0,599.0,10630.57142857143,12193.166666666666,2010,7,27,4,False
2010-07-10,0.0,0.0,0.0,10630.57142857143,11870.4,2010,7,27,5,True
2010-07-11,5806.0,28.0,497.0,10702.57142857143,11350.433333333332,2010,7,27,6,True
2010-07-12,9721.0,50.0,734.0,9715.57142857143,11674.466666666667,2010,7,28,0,False
2010-07-13,10045.0,55.0,744.0,9441.714285714286,11638.633333333333,2010,7,28,1,False
2010-07-14,13384.0,62.0,819.0,9254.857142857143,11544.566666666668,2010,7,28,2,False
2010-07-15,27819.0,80.0,840.0,11549.57142857143,11822.0,2010,7,28,3,False
2010-07-16,14312.0,68.0,726.0,11583.857142857143,11666.2,2010,7,28,4,False
2010-07-17,0.0,0.0,0.0,11583.857142857143,11224.933333333332,2010,7,28,5,True
2010-07-18,9646.0,40.0,589.0,12132.42857142857,11226.2,2010,7,28,6,True
2010-07-19,18535.0,59.0,782.0,13391.57142857143,11844.033333333333,2010,7,29,0,False
2010-07-20,12099.0,57.0,663.0,13685.0,12097.766666666666,2010,7,29,1,False
2010-07-21,13174.0,55.0,734.0,13655.0,12134.866666666667,2010,7,29,2,False
2010-07-22,13939.0,78.0,806.0,11672.142857142857,12366.9,2010,7,29,3,False
2010-07-23,13371.0,48.0,665.0,11537.714285714286,12270.666666666666,2010,7,29,4,False
2010-07-24,0.0,0.0,0.0,11537.714285714286,11893.8,2010,7,29,5,True
2010-07-25,11531.0,54.0,741.0,11807.0,12011.6,2010,7,29,6,True
2010-07-26,15011.0,62.0,822.0,11303.57142857143,12511.966666666667,2010,7,30,0,False
2010-07-27,14315.0,70.0,663.0,11620.142857142857,12627.433333333332,2010,7,30,1,False
2010-07-28,13365.0,65.0,724.0,11647.42857142857,11921.733333333334,2010,7,30,2,False
2010-07-29,13763.0,72.0,895.0,11622.285714285714,11683.066666666668,2010,7,30,3,False
2010-07-30,8443.0,53.0,508.0,10918.285714285714,11263.166666666666,2010,7,30,4,False
2010-07-31,0.0,0.0,0.0,10918.285714285714,10713.4,2010,7,30,5,True
2010-08-01,9702.0,32.0,583.0,10657.0,10746.5,2010,8,30,6,True
2010-08-02,11871.0,63.0,691.0,10208.42857142857,11142.2,2010,8,31,0,False
2010-08-03,16330.0,59.0,857.0,10496.285714285714,11509.8,2010,8,31,1,False
2010-08-04,11740.0,53.0,850.0,10264.142857142857,11346.8,2010,8,31,2,False
2010-08-05,16828.0,54.0,744.0,10702.0,11509.0,2010,8,31,3,False
2010-08-06,9923.0,45.0,409.0,10913.42857142857,11350.033333333333,2010,8,31,4,False
2010-08-07,0.0,0.0,0.0,10913.42857142857,10958.166666666666,2010,8,31,5,True
2010-08-08,8120.0,44.0,562.0,10687.42857142857,10759.766666666666,2010,8,31,6,True
2010-08-09,100224.0,51.0,621.0,23309.285714285714,14100.566666666668,2010,8,32,0,False
2010-08-10,20053.0,46.0,937.0,23841.14285714286,14575.466666666667,2010,8,32,1,False
2010-08-11,8197.0,46.0,642.0,23335.0,14524.666666666666,2010,8,32,2,False
2010-08-12,18216.0,81.0,897.0,23533.285714285714,14797.033333333333,2010,8,32,3,False
2010-08-13,18159.0,55.0,765.0,24709.85714285714,14956.2,2010,8,32,4,False
2010-08-14,0.0,0.0,0.0,24709.85714285714,14028.9,2010,8,32,5,True
2010-08-15,17333.0,58.0,615.0,26026.0,14129.6,2010,8,32,6,True
2010-08-16,11080.0,39.0,677.0,13291.142857142857,14498.933333333332,2010,8,33,0,False
2010-08-17,18400.0,45.0,613.0,13055.0,14790.733333333334,2010,8,33,1,False
2010-08-18,22851.0,58.0,957.0,15148.42857142857,14934.6,2010,8,33,2,False
2010-08-19,22520.0,77.0,801.0,15763.285714285714,15281.966666666667,2010,8,33,3,False
2010-08-20,19177.0,59.0,799.0,15908.714285714286,15482.066666666668,2010,8,33,4,False
2010-08-21,0.0,0.0,0.0,15908.714285714286,15017.433333333332,2010,8,33,5,True
2010-08-22,13884.0,60.0,769.0,15416.0,15034.533333333333,2010,8,33,6,True
2010-08-23,13251.0,45.0,713.0,15726.142857142857,15476.233333333334,2010,8,34,0,False
2010-08-24,19081.0,61.0,697.0,15823.42857142857,15727.9,2010,8,34,1,False
2010-08-25,17575.0,76.0,857.0,15069.714285714286,15813.366666666667,2010,8,34,2,False
2010-08-26,17607.0,80.0,842.0,14367.857142857143,15923.1,2010,8,34,3,False
2010-08-27,7316.0,36.0,675.0,12673.42857142857,15721.466666666667,2010,8,34,4,False
2010-08-28,0.0,0.0,0.0,12673.42857142857,15262.7,2010,8,34,5,True
2010-08-29,8766.0,39.0,483.0,11942.285714285714,15273.466666666667,2010,8,34,6,True
2010-08-30,0.0,0.0,0.0,10049.285714285714,15273.466666666667,2010,8,35,0,False
2010-08-31,14176.0,63.0,936.0,9348.57142857143,15422.6,2010,8,35,1,False
2010-09-01,12910.0,43.0,646.0,8682.142857142857,15457.233333333334,2010,9,35,2,False
2010-09-02,21964.0,91.0,848.0,9304.57142857143,15645.033333333333,2010,9,35,3,False
2010-09-03,31223.0,60.0,655.0,12719.857142857143,16294.466666666667,2010,9,35,4,False
2010-09-04,0.0,0.0,0.0,12719.857142857143,15733.533333333333,2010,9,35,5,True
2010-09-05,7222.0,35.0,514.0,12499.285714285714,15643.5,2010,9,35,6,True
2010-09-06,16208.0,53.0,861.0,14814.714285714286,16183.766666666666,2010,9,36,0,False
2010-09-07,15746.0,51.0,718.0,15039.0,16437.966666666667,2010,9,36,1,False
2010-09-08,10208.0,49.0,691.0,14653.0,13437.433333333332,2010,9,36,2,False
2010-09-09,13200.0,67.0,865.0,13401.0,13209.0,2010,9,36,3,False
2010-09-10,10430.0,46.0,629.0,10430.57142857143,13283.433333333332,2010,9,36,4,False
2010-09-11,0.0,0.0,0.0,10430.57142857143,12676.233333333334,2010,9,36,5,True
2010-09-12,9278.0,48.0,729.0,10724.285714285714,12380.2,2010,9,36,6,True
2010-09-13,28405.0,87.0,992.0,12466.714285714286,13327.033333333333,2010,9,37,0,False
2010-09-14,11384.0,63.0,764.0,11843.57142857143,13128.733333333334,2010,9,37,1,False
2010-09-15,21473.0,67.0,811.0,13452.857142857143,13475.166666666666,2010,9,37,2,False
2010-09-16,14418.0,68.0,897.0,13626.857142857143,13342.433333333332,2010,9,37,3,False
2010-09-17,11843.0,52.0,726.0,13828.714285714286,12975.5,2010,9,37,4,False
2010-09-18,0.0,0.0,0.0,13828.714285714286,12224.833333333334,2010,9,37,5,True
2010-09-19,13697.0,59.0,984.0,14460.0,12042.166666666666,2010,9,37,6,True
2010-09-20,25067.0,82.0,967.0,13983.142857142857,12877.733333333334,2010,9,38,0,False
2010-09-21,37072.0,103.0,1020.0,17652.85714285714,13650.666666666666,2010,9,38,1,False
2010-09-22,14626.0,83.0,689.0,16674.714285714286,13696.5,2010,9,38,2,False
2010-09-23,21377.0,86.0,935.0,17668.85714285714,13773.033333333333,2010,9,38,3,False
2010-09-24,28035.0,67.0,810.0,19982.0,14121.7,2010,9,38,4,False
2010-09-25,0.0,0.0,0.0,19982.0,13534.8,2010,9,38,5,True
2010-09-26,13385.0,65.0,747.0,19937.428571428572,13737.1,2010,9,38,6,True
2010-09-27,125489.0,95.0,1012.0,34283.42857142857,17920.066666666666,2010,9,39,0,False
2010-09-28,23634.0,127.0,1199.0,32363.714285714286,18415.666666666668,2010,9,39,1,False
2010-09-29,20736.0,99.0,967.0,33236.57142857143,19106.866666666665,2010,9,39,2,False
2010-09-30,24834.0,93.0,978.0,33730.42857142857,19462.133333333335,2010,9,39,3,False
2010-10-01,22213.0,71.0,919.0,32898.71428571428,19772.233333333334,2010,10,39,4,False
2010-10-02,0.0,0.0,0.0,32898.71428571428,19040.1,2010,10,39,5,True
2010-10-03,20343.0,77.0,966.0,33892.71428571428,18677.433333333334,2010,10,39,6,True
2010-10-04,23529.0,84.0,1002.0,19327.0,19461.733333333334,2010,10,40,0,False
2010-10-05,34855.0,130.0,1166.0,20930.0,20382.833333333332,2010,10,40,1,False
2010-10-06,21884.0,63.0,738.0,21094.0,20572.033333333333,2010,10,40,2,False
2010-10-07,30072.0,121.0,1360.0,21842.285714285714,21049.566666666666,2010,10,40,3,False
2010-10-08,41441.0,78.0,995.0,24589.14285714286,22090.666666666668,2010,10,40,4,False
2010-10-09,0.0,0.0,0.0,24589.14285714286,21650.666666666668,2010,10,40,5,True
2010-10-10,12414.0,68.0,897.0,23456.428571428572,21716.8,2010,10,40,6,True
2010-10-11,24913.0,91.0,1130.0,23654.14285714286,22547.233333333334,2010,10,41,0,False
2010-10-12,29531.0,110.0,1134.0,22893.571428571428,23222.333333333332,2010,10,41,1,False
2010-10-13,40097.0,86.0,1035.0,25495.428571428572,23612.066666666666,2010,10,41,2,False
2010-10-14,37123.0,99.0,1014.0,26502.714285714286,24470.033333333333,2010,10,41,3,False
2010-10-15,22350.0,117.0,1081.0,23775.428571428572,24499.266666666666,2010,10,41,4,False
2010-10-16,0.0,0.0,0.0,23775.428571428572,24018.666666666668,2010,10,41,5,True
2010-10-17,18978.0,71.0,1118.0,24713.14285714286,24256.5,2010,10,41,6,True
2010-10-18,19725.0,104.0,1194.0,23972.0,24914.0,2010,10,42,0,False
2010-10-19,27244.0,78.0,1089.0,23645.285714285714,25365.566666666666,2010,10,42,1,False
2010-10-20,24039.0,108.0,1078.0,21351.285714285714,25331.3,2010,10,42,2,False
2010-10-21,17798.0,96.0,1063.0,18590.571428571428,24688.833333333332,2010,10,42,3,False
2010-10-22,23118.0,88.0,1083.0,18700.285714285714,24971.9,2010,10,42,4,False
2010-10-23,0.0,0.0,0.0,18700.285714285714,24259.333333333332,2010,10,42,5,True
2010-10-24,15445.0,83.0,1044.0,18195.571428571428,23839.666666666668,2010,10,42,6,True
2010-10-25,14485.0,73.0,996.0,17447.0,24322.5,2010,10,43,0,False
2010-10-26,25974.0,104.0,1149.0,17265.571428571428,24742.133333333335,2010,10,43,1,False
2010-10-27,16197.0,72.0,962.0,16145.285714285714,21099.066666666666,2010,10,43,2,False
2010-10-28,14298.0,63.0,883.0,15645.285714285714,20787.866666666665,2010,10,43,3,False
2010-10-29,25578.0,83.0,972.0,15996.714285714286,20949.266666666666,2010,10,43,4,False
2010-10-30,0.0,0.0,0.0,15996.714285714286,20121.466666666667,2010,10,43,5,True
2010-10-31,16352.0,83.0,1149.0,16126.285714285714,19926.1,2010,10,43,6,True
2010-11-01,14127.0,62.0,1115.0,16075.142857142857,20397.0,2010,11,44,0,False
2010-11-02,24166.0,91.0,1048.0,15816.857142857143,20524.433333333334,2010,11,44,1,False
2010-11-03,23637.0,87.0,1027.0,16879.714285714286,20528.033333333333,2010,11,44,2,False
2010-11-04,60269.0,132.0,1361.0,23447.0,21375.166666666668,2010,11,44,3,False
2010-11-05,22449.0,75.0,1033.0,23000.0,21394.0,2010,11,44,4,False
2010-11-06,0.0,0.0,0.0,23000.0,20391.6,2010,11,44,5,True
2010-11-07,18428.0,82.0,1106.0,23296.571428571428,19624.5,2010,11,44,6,True
2010-11-08,32397.0,82.0,1216.0,25906.571428571428,20704.4,2010,11,45,0,False
2010-11-09,35361.0,121.0,1109.0,27505.85714285714,21469.3,2010,11,45,1,False
2010-11-10,35184.0,131.0,1478.0,29155.428571428572,21811.666666666668,2010,11,45,2,False
2010-11-11,34397.0,129.0,1274.0,25459.428571428572,21973.866666666665,2010,11,45,3,False
2010-11-12,23217.0,111.0,1275.0,25569.14285714286,21411.2,2010,11,45,4,False
2010-11-13,0.0,0.0,0.0,25569.14285714286,20173.766666666666,2010,11,45,5,True
2010-11-14,17295.0,90.0,1226.0,25407.285714285714,20005.266666666666,2010,11,45,6,True
2010-11-15,37969.0,103.0,1412.0,26203.285714285714,21270.9,2010,11,46,0,False
2010-11-16,39307.0,108.0,1366.0,26767.0,21948.533333333333,2010,11,46,1,False
2010-11-17,28549.0,119.0,1265.0,25819.14285714286,22242.666666666668,2010,11,46,2,False
2010-11-18,21366.0,104.0,1207.0,23957.571428571428,22046.733333333334,2010,11,46,3,False
2010-11-19,25313.0,108.0,1120.0,24257.0,22089.2,2010,11,46,4,False
2010-11-20,0.0,0.0,0.0,24257.0,21495.933333333334,2010,11,46,5,True
2010-11-21,17985.0,96.0,1286.0,24355.571428571428,21324.833333333332,2010,11,46,6,True
2010-11-22,19775.0,93.0,1338.0,21756.428571428572,21984.0,2010,11,47,0,False
2010-11-23,26947.0,132.0,1422.0,19990.714285714286,22367.4,2010,11,47,1,False
2010-11-24,28754.0,133.0,1337.0,20020.0,22843.033333333333,2010,11,47,2,False
2010-11-25,38054.0,153.0,1238.0,22404.0,23245.7,2010,11,47,3,False
2010-11-26,17394.0,84.0,1161.0,21272.714285714286,23285.6,2010,11,47,4,False
2010-11-27,0.0,0.0,0.0,21272.714285714286,22809.0,2010,11,47,5,True
2010-11-28,16298.0,91.0,1134.0,21031.714285714286,22499.666666666668,2010,11,47,6,True
2010-11-29,39991.0,107.0,1525.0,23919.714285714286,23832.7,2010,11,48,0,False
2010-11-30,26532.0,123.0,953.0,23860.428571428572,24172.033333333333,2010,11,48,1,False
2010-12-01,26818.0,127.0,1340.0,23583.85714285714,24595.066666666666,2010,12,48,2,False
2010-12-02,31264.0,142.0,923.0,22613.85714285714,24831.666666666668,2010,12,48,3,False
2010-12-03,16158.0,68.0,1133.0,22437.285714285714,24582.366666666665,2010,12,48,4,False
2010-12-04,0.0,0.0,0.0,22437.285714285714,22573.4,2010,12,48,5,True
2010-12-05,16242.0,88.0,1142.0,22429.285714285714,22366.5,2010,12,48,6,True
2010-12-06,21619.0,102.0,1471.0,19804.714285714286,23087.133333333335,2010,12,49,0,False
2010-12-07,25180.0,84.0,1277.0,19611.571428571428,23312.2,2010,12,49,1,False
2010-12-08,23041.0,116.0,1200.0,19072.0,23000.333333333332,2010,12,49,2,False
2010-12-09,19898.0,107.0,1258.0,17448.285714285714,22484.9,2010,12,49,3,False
2010-12-10,20973.0,77.0,1264.0,18136.14285714286,22011.2,2010,12,49,4,False
2010-12-11,0.0,0.0,0.0,18136.14285714286,20864.633333333335,2010,12,49,5,True
2010-12-12,10537.0,44.0,800.0,17321.14285714286,20441.966666666667,2010,12,49,6,True
2010-12-13,17701.0,70.0,1169.0,16761.428571428572,21032.0,2010,12,50,0,False
2010-12-14,20255.0,90.0,1010.0,16057.857142857143,21130.666666666668,2010,12,50,1,False
2010-12-15,18453.0,74.0,755.0,15402.42857142857,20480.133333333335,2010,12,50,2,False
2010-12-16,29860.0,121.0,922.0,16825.571428571428,20165.233333333334,2010,12,50,3,False
2010-12-17,16935.0,66.0,1368.0,16248.714285714286,19778.1,2010,12,50,4,False
2010-12-18,0.0,0.0,0.0,16248.714285714286,19065.9,2010,12,50,5,True
2010-12-19,3734.0,23.0,390.0,15276.857142857143,18346.6,2010,12,50,6,True
2010-12-20,14914.0,61.0,924.0,14878.714285714286,18843.733333333334,2010,12,51,0,False
2010-12-21,15605.0,55.0,821.0,14214.42857142857,18764.4,2010,12,51,1,False
2010-12-22,3080.0,17.0,193.0,12018.285714285714,18207.9,2010,12,51,2,False
2010-12-23,5752.0,27.0,785.0,8574.285714285714,17501.4,2010,12,51,3,False
2010-12-24,0.0,0.0,0.0,6155.0,16542.933333333334,2010,12,51,4,False
2010-12-25,0.0,0.0,0.0,6155.0,15274.466666666667,2010,12,51,5,True
2010-12-26,0.0,0.0,0.0,5621.571428571428,14694.666666666666,2010,12,51,6,True
2010-12-27,0.0,0.0,0.0,3491.0,14694.666666666666,2010,12,52,0,False
2010-12-28,0.0,0.0,0.0,1261.7142857142858,14151.4,2010,12,52,1,False
2010-12-29,0.0,0.0,0.0,821.7142857142857,12818.366666666667,2010,12,52,2,False
2010-12-30,0.0,0.0,0.0,0.0,11933.966666666667,2010,12,52,3,False
2010-12-31,0.0,0.0,0.0,0.0,11040.033333333333,2010,12,52,4,False
2011-01-01,0.0,0.0,0.0,0.0,9997.9,2011,1,52,5,True
2011-01-02,0.0,0.0,0.0,0.0,9459.3,2011,1,52,6,True
2011-01-03,0.0,0.0,0.0,0.0,9459.3,2011,1,1,0,False
2011-01-04,8630.0,36.0,819.0,1232.857142857143,9205.566666666668,2011,1,1,1,False
2011-01-05,19769.0,55.0,992.0,4057.0,9143.9,2011,1,1,2,False
2011-01-06,23124.0,50.0,998.0,7360.428571428572,9075.366666666667,2011,1,1,3,False
2011-01-07,17160.0,53.0,1031.0,9811.857142857143,8879.333333333334,2011,1,1,4,False
2011-01-08,0.0,0.0,0.0,9811.857142857143,8216.066666666668,2011,1,1,5,True
2011-01-09,8125.0,48.0,640.0,10972.57142857143,7787.8,2011,1,1,6,True
2011-01-10,12861.0,39.0,1096.0,12809.857142857143,8216.5,2011,1,2,0,False
2011-01-11,28437.0,58.0,943.0,15639.42857142857,8813.166666666666,2011,1,2,1,False
2011-01-12,10606.0,45.0,1078.0,14330.42857142857,8576.666666666666,2011,1,2,2,False
2011-01-13,10171.0,44.0,949.0,12480.0,8240.533333333333,2011,1,2,3,False
2011-01-14,23139.0,47.0,898.0,13334.142857142857,8396.733333333334,2011,1,2,4,False
2011-01-15,0.0,0.0,0.0,13334.142857142857,7401.4,2011,1,2,5,True
2011-01-16,4086.0,25.0,422.0,12757.142857142857,6973.1,2011,1,2,6,True
2011-01-17,13375.0,51.0,1211.0,12830.57142857143,7418.933333333333,2011,1,3,0,False
2011-01-18,82964.0,41.0,892.0,20620.14285714286,10059.933333333332,2011,1,3,1,False
2011-01-19,17354.0,35.0,951.0,21584.14285714286,10141.266666666666,2011,1,3,2,False
2011-01-20,10475.0,39.0,950.0,21627.571428571428,9970.266666666666,2011,1,3,3,False
2011-01-21,15302.0,39.0,963.0,20508.0,10377.666666666666,2011,1,3,4,False
2011-01-22,0.0,0.0,0.0,20508.0,10185.933333333332,2011,1,3,5,True
2011-01-23,5200.0,27.0,568.0,20667.14285714286,10359.266666666666,2011,1,3,6,True
2011-01-24,11955.0,53.0,846.0,20464.285714285714,10757.766666666666,2011,1,4,0,False
2011-01-25,15538.0,67.0,873.0,10832.0,11275.7,2011,1,4,1,False
2011-01-26,10931.0,56.0,761.0,9914.42857142857,11640.066666666668,2011,1,4,2,False
2011-01-27,11266.0,52.0,855.0,10027.42857142857,12015.6,2011,1,4,3,False
2011-01-28,9842.0,40.0,584.0,9247.42857142857,12343.666666666666,2011,1,4,4,False
2011-01-29,0.0,0.0,0.0,9247.42857142857,12343.666666666666,2011,1,4,5,True
2011-01-30,3383.0,24.0,483.0,8987.857142857143,12456.433333333332,2011,1,4,6,True
2011-01-31,13406.0,62.0,840.0,9195.142857142857,12903.3,2011,1,5,0,False
2011-02-01,15814.0,63.0,830.0,9234.57142857143,13430.433333333332,2011,2,5,1,False
2011-02-02,9706.0,63.0,795.0,9059.57142857143,13753.966666666667,2011,2,5,2,False
2011-02-03,15712.0,46.0,598.0,9694.714285714286,13990.033333333333,2011,2,5,3,False
2011-02-04,12695.0,52.0,739.0,10102.285714285714,13754.233333333334,2011,2,5,4,False
2011-02-05,0.0,0.0,0.0,10102.285714285714,12983.433333333332,2011,2,5,5,True
2011-02-06,2036.0,11.0,220.0,9909.857142857143,12479.3,2011,2,5,6,True
2011-02-07,9128.0,42.0,803.0,9298.714285714286,12783.566666666668,2011,2,6,0,False
2011-02-08,10100.0,45.0,758.0,8482.42857142857,12849.4,2011,2,6,1,False
2011-02-09,7164.0,29.0,602.0,8119.285714285715,12659.5,2011,2,6,2,False
2011-02-10,11876.0,41.0,504.0,7571.285714285715,12107.466666666667,2011,2,6,3,False
2011-02-11,10520.0,45.0,621.0,7260.571428571428,12104.6,2011,2,6,4,False
2011-02-12,0.0,0.0,0.0,7260.571428571428,11765.566666666668,2011,2,6,5,True
2011-02-13,2723.0,20.0,425.0,7358.714285714285,11085.033333333333,2011,2,6,6,True
2011-02-14,13567.0,42.0,713.0,7992.857142857143,11537.266666666666,2011,2,7,0,False
2011-02-15,22669.0,58.0,809.0,9788.42857142857,12156.7,2011,2,7,1,False
2011-02-16,16117.0,63.0,698.0,11067.42857142857,12248.1,2011,2,7,2,False
2011-02-17,14413.0,68.0,875.0,11429.857142857143,9963.066666666668,2011,2,7,3,False
2011-02-18,9149.0,39.0,594.0,11234.0,9689.566666666668,2011,2,7,4,False
2011-02-19,0.0,0.0,0.0,11234.0,9340.4,2011,2,7,5,True
2011-02-20,5218.0,26.0,593.0,11590.42857142857,9004.266666666666,2011,2,7,6,True
2011-02-21,21533.0,38.0,811.0,12728.42857142857,9722.033333333333,2011,2,8,0,False
2011-02-22,21893.0,52.0,893.0,12617.57142857143,10278.466666666667,2011,2,8,1,False
2011-02-23,13742.0,63.0,860.0,12278.285714285714,10338.033333333333,2011,2,8,2,False
2011-02-24,11891.0,55.0,775.0,11918.0,10216.466666666667,2011,2,8,3,False
2011-02-25,10572.0,49.0,592.0,12121.285714285714,10204.5,2011,2,8,4,False
2011-02-26,0.0,0.0,0.0,12121.285714285714,9828.966666666667,2011,2,8,5,True
2011-02-27,4823.0,33.0,566.0,12064.857142857143,9661.666666666666,2011,2,8,6,True
2011-02-28,9873.0,57.0,906.0,10399.142857142857,9990.766666666666,2011,2,9,0,False
2011-03-01,12137.0,62.0,844.0,9005.42857142857,10282.566666666668,2011,3,9,1,False
2011-03-02,8612.0,43.0,543.0,8272.57142857143,10122.766666666666,2011,3,9,2,False
2011-03-03,20075.0,49.0,793.0,9441.714285714286,10264.8,2011,3,9,3,False
2011-03-04,13560.0,49.0,717.0,9868.57142857143,10393.266666666666,2011,3,9,4,False
2011-03-05,0.0,0.0,0.0,9868.57142857143,9869.533333333333,2011,3,9,5,True
2011-03-06,5027.0,27.0,510.0,9897.714285714286,9613.933333333332,2011,3,9,6,True
2011-03-07,14006.0,68.0,1045.0,10488.142857142857,10080.8,2011,3,10,0,False
2011-03-08,14537.0,48.0,883.0,10831.0,10497.5,2011,3,10,1,False
2011-03-09,11861.0,53.0,755.0,11295.142857142857,10588.6,2011,3,10,2,False
2011-03-10,15583.0,57.0,656.0,10653.42857142857,10771.366666666667,2011,3,10,3,False
2011-03-11,10521.0,53.0,605.0,10219.285714285714,10883.266666666666,2011,3,10,4,False
2011-03-12,0.0,0.0,0.0,10219.285714285714,10487.4,2011,3,10,5,True
2011-03-13,2733.0,16.0,416.0,9891.57142857143,10227.833333333334,2011,3,10,6,True
2011-03-14,16737.0,50.0,679.0,10281.714285714286,10785.733333333334,2011,3,11,0,False
2011-03-15,8941.0,52.0,722.0,9482.285714285714,10993.0,2011,3,11,1,False
2011-03-16,12883.0,52.0,582.0,9628.285714285714,10970.2,2011,3,11,2,False
2011-03-17,20975.0,62.0,1064.0,10398.57142857143,10913.733333333334,2011,3,11,3,False
2011-03-18,13938.0,64.0,765.0,10886.714285714286,10841.1,2011,3,11,4,False
2011-03-19,0.0,0.0,0.0,10886.714285714286,10360.666666666666,2011,3,11,5,True
2011-03-20,14038.0,60.0,861.0,12501.714285714286,10523.633333333333,2011,3,11,6,True
2011-03-21,10292.0,53.0,627.0,11581.0,10866.7,2011,3,12,0,False
2011-03-22,16548.0,53.0,1140.0,12667.714285714286,11244.366666666667,2011,3,12,1,False
2011-03-23,14374.0,63.0,773.0,12880.714285714286,11005.733333333334,2011,3,12,2,False
2011-03-24,18164.0,68.0,781.0,12479.142857142857,10881.433333333332,2011,3,12,3,False
2011-03-25,14083.0,56.0,800.0,12499.857142857143,10892.8,2011,3,12,4,False
2011-03-26,0.0,0.0,0.0,12499.857142857143,10496.433333333332,2011,3,12,5,True
2011-03-27,4496.0,32.0,503.0,11136.714285714286,10293.9,2011,3,12,6,True
2011-03-28,12222.0,61.0,891.0,11412.42857142857,10701.3,2011,3,13,0,False
2011-03-29,32803.0,62.0,970.0,13734.57142857143,11633.966666666667,2011,3,13,1,False
2011-03-30,20621.0,75.0,877.0,14627.0,11992.233333333334,2011,3,13,2,False
2011-03-31,16832.0,66.0,869.0,14436.714285714286,12148.733333333334,2011,3,13,3,False
2011-04-01,18459.0,75.0,742.0,15061.857142857143,12476.966666666667,2011,4,13,4,False
2011-04-02,0.0,0.0,0.0,15061.857142857143,11807.8,2011,4,13,5,True
2011-04-03,5658.0,20.0,523.0,15227.857142857143,11544.4,2011,4,13,6,True
2011-04-04,14004.0,59.0,907.0,15482.42857142857,12011.2,2011,4,14,0,False
2011-04-05,15558.0,52.0,705.0,13018.857142857143,12362.233333333334,2011,4,14,1,False
2011-04-06,9156.0,40.0,713.0,11381.0,12200.566666666668,2011,4,14,2,False
2011-04-07,10508.0,64.0,832.0,10477.57142857143,12066.266666666666,2011,4,14,3,False
2011-04-08,12985.0,71.0,825.0,9695.57142857143,12103.733333333334,2011,4,14,4,False
2011-04-09,0.0,0.0,0.0,9695.57142857143,11584.3,2011,4,14,5,True
2011-04-10,5603.0,32.0,635.0,9687.714285714286,11420.366666666667,2011,4,14,6,True
2011-04-11,13632.0,64.0,756.0,9634.57142857143,11874.766666666666,2011,4,15,0,False
2011-04-12,15311.0,62.0,647.0,9599.285714285714,12294.033333333333,2011,4,15,1,False
2011-04-13,18752.0,60.0,662.0,10970.142857142857,12361.2,2011,4,15,2,False
2011-04-14,18858.0,86.0,770.0,12163.0,12691.766666666666,2011,4,15,3,False
2011-04-15,12717.0,56.0,718.0,12124.714285714286,12686.233333333334,2011,4,15,4,False
2011-04-16,0.0,0.0,0.0,12124.714285714286,11987.066666666668,2011,4,15,5,True
2011-04-17,8136.0,42.0,620.0,12486.57142857143,11793.666666666666,2011,4,15,6,True
2011-04-18,29825.0,69.0,1275.0,14799.857142857143,12787.833333333334,2011,4,16,0,False
2011-04-19,14461.0,59.0,984.0,14678.42857142857,12801.933333333332,2011,4,16,1,False
2011-04-20,18371.0,63.0,588.0,14624.0,13071.233333333334,2011,4,16,2,False
2011-04-21,18210.0,77.0,941.0,14531.42857142857,13126.633333333333,2011,4,16,3,False
2011-04-22,0.0,0.0,0.0,12714.714285714286,12647.5,2011,4,16,4,False
2011-04-23,0.0,0.0,0.0,12714.714285714286,12042.033333333333,2011,4,16,5,True
2011-04-24,0.0,0.0,0.0,11552.42857142857,11572.6,2011,4,16,6,True
2011-04-25,0.0,0.0,0.0,7291.714285714285,11572.6,2011,4,17,0,False
2011-04-26,16135.0,71.0,923.0,7530.857142857143,11960.566666666668,2011,4,17,1,False
2011-04-27,18218.0,65.0,785.0,7509.0,12160.433333333332,2011,4,17,2,False
2011-04-28,13396.0,59.0,713.0,6821.285714285715,11513.533333333333,2011,4,17,3,False
2011-04-29,0.0,0.0,0.0,6821.285714285715,10826.166666666666,2011,4,17,4,False
2011-04-30,0.0,0.0,0.0,6821.285714285715,10265.1,2011,4,17,5,True
2011-05-01,3814.0,18.0,357.0,7366.142857142857,9776.933333333332,2011,5,17,6,True
2011-05-02,0.0,0.0,0.0,7366.142857142857,9776.933333333332,2011,5,18,0,False
2011-05-03,12454.0,66.0,743.0,6840.285714285715,10003.466666666667,2011,5,18,1,False
2011-05-04,17363.0,65.0,695.0,6718.142857142857,10115.433333333332,2011,5,18,2,False
2011-05-05,17436.0,89.0,902.0,7295.285714285715,10178.033333333333,2011,5,18,3,False
2011-05-06,19945.0,82.0,1019.0,10144.57142857143,10537.666666666666,2011,5,18,4,False
2011-05-07,0.0,0.0,0.0,10144.57142857143,10187.4,2011,5,18,5,True
2011-05-08,10621.0,63.0,739.0,11117.0,10108.6,2011,5,18,6,True
2011-05-09,13354.0,71.0,859.0,13024.714285714286,10553.733333333334,2011,5,19,0,False
2011-05-10,19784.0,96.0,932.0,14071.857142857143,11026.433333333332,2011,5,19,1,False
2011-05-11,18894.0,80.0,829.0,14290.57142857143,11201.833333333334,2011,5,19,2,False
2011-05-12,37774.0,86.0,947.0,17196.0,11950.6,2011,5,19,3,False
2011-05-13,15217.0,73.0,779.0,16520.571428571428,11832.766666666666,2011,5,19,4,False
2011-05-14,0.0,0.0,0.0,16520.571428571428,11204.166666666666,2011,5,19,5,True
2011-05-15,4895.0,31.0,575.0,15702.57142857143,10943.433333333332,2011,5,19,6,True
2011-05-16,16019.0,68.0,793.0,16083.285714285714,11477.4,2011,5,20,0,False
2011-05-17,26769.0,82.0,873.0,17081.14285714286,12098.5,2011,5,20,1,False
2011-05-18,19013.0,73.0,717.0,17098.14285714286,11738.1,2011,5,20,2,False
2011-05-19,18124.0,99.0,878.0,14291.0,11860.2,2011,5,20,3,False
2011-05-20,15348.0,71.0,604.0,14309.714285714286,11759.433333333332,2011,5,20,4,False
2011-05-21,0.0,0.0,0.0,14309.714285714286,11152.433333333332,2011,5,20,5,True
2011-05-22,12645.0,61.0,875.0,15416.857142857143,11573.933333333332,2011,5,20,6,True
2011-05-23,18169.0,68.0,825.0,15724.0,12179.566666666668,2011,5,21,0,False
2011-05-24,15936.0,68.0,913.0,14176.42857142857,12710.766666666666,2011,5,21,1,False
2011-05-25,13163.0,65.0,703.0,13340.714285714286,13149.533333333333,2011,5,21,2,False
2011-05-26,16264.0,64.0,547.0,13075.0,13153.833333333334,2011,5,21,3,False
2011-05-27,16209.0,64.0,643.0,13198.0,13086.866666666667,2011,5,21,4,False
2011-05-28,0.0,0.0,0.0,13198.0,12640.333333333334,2011,5,21,5,True
2011-05-29,4067.0,24.0,443.0,11972.57142857143,12775.9,2011,5,21,6,True
2011-05-30,0.0,0.0,0.0,9377.0,12775.9,2011,5,22,0,False
2011-05-31,11724.0,54.0,739.0,8775.285714285714,13039.566666666668,2011,5,22,1,False
2011-06-01,10965.0,42.0,822.0,8461.285714285714,13405.066666666668,2011,6,22,2,False
2011-06-02,14586.0,52.0,858.0,8221.57142857143,13476.133333333333,2011,6,22,3,False
2011-06-03,7679.0,44.0,559.0,7003.0,13153.333333333334,2011,6,22,4,False
2011-06-04,0.0,0.0,0.0,7003.0,12572.133333333333,2011,6,22,5,True
2011-06-05,13397.0,67.0,755.0,8335.857142857143,12353.866666666667,2011,6,22,6,True
2011-06-06,9459.0,57.0,736.0,9687.142857142857,12669.166666666666,2011,6,23,0,False
2011-06-07,18731.0,78.0,986.0,10688.142857142857,12939.5,2011,6,23,1,False
2011-06-08,21260.0,99.0,1043.0,12158.857142857143,13203.033333333333,2011,6,23,2,False
2011-06-09,28265.0,85.0,990.0,14113.0,13485.733333333334,2011,6,23,3,False
2011-06-10,10669.0,50.0,639.0,14540.142857142857,13211.566666666668,2011,6,23,4,False
2011-06-11,0.0,0.0,0.0,14540.142857142857,11952.433333333332,2011,6,23,5,True
2011-06-12,9457.0,39.0,649.0,13977.285714285714,11760.433333333332,2011,6,23,6,True
2011-06-13,11291.0,59.0,822.0,14239.0,12136.8,2011,6,24,0,False
2011-06-14,14602.0,57.0,876.0,13649.142857142857,12460.366666666667,2011,6,24,1,False
2011-06-15,30381.0,59.0,906.0,14952.142857142857,12939.1,2011,6,24,2,False
2011-06-16,20272.0,83.0,852.0,13810.285714285714,12722.533333333333,2011,6,24,3,False
2011-06-17,11753.0,52.0,574.0,13965.142857142857,12480.533333333333,2011,6,24,4,False
2011-06-18,0.0,0.0,0.0,13965.142857142857,11876.4,2011,6,24,5,True
2011-06-19,15069.0,60.0,721.0,14766.857142857143,11867.1,2011,6,24,6,True
2011-06-20,16599.0,74.0,997.0,15525.142857142857,12420.4,2011,6,25,0,False
2011-06-21,14183.0,55.0,843.0,15465.285714285714,12471.666666666666,2011,6,25,1,False
2011-06-22,15818.0,60.0,646.0,13384.857142857143,12393.3,2011,6,25,2,False
2011-06-23,14670.0,72.0,960.0,12584.57142857143,12351.1,2011,6,25,3,False
2011-06-24,9981.0,51.0,647.0,12331.42857142857,12245.033333333333,2011,6,25,4,False
2011-06-25,0.0,0.0,0.0,12331.42857142857,11702.9,2011,6,25,5,True
2011-06-26,3760.0,26.0,536.0,10715.857142857143,11287.933333333332,2011,6,25,6,True
2011-06-27,9898.0,45.0,712.0,9758.57142857143,11617.866666666667,2011,6,26,0,False
2011-06-28,21747.0,55.0,605.0,10839.142857142857,12207.2,2011,6,26,1,False
2011-06-29,12070.0,42.0,978.0,10303.714285714286,12609.533333333333,2011,6,26,2,False
2011-06-30,21949.0,70.0,939.0,11343.57142857143,12950.366666666667,2011,6,26,3,False
2011-07-01,7641.0,49.0,585.0,11009.285714285714,12839.566666666668,2011,7,26,4,False
2011-07-02,0.0,0.0,0.0,11009.285714285714,12353.366666666667,2011,7,26,5,True
2011-07-03,3091.0,25.0,421.0,10913.714285714286,12200.433333333332,2011,7,26,6,True
2011-07-04,15698.0,52.0,1100.0,11742.285714285714,12723.7,2011,7,27,0,False
2011-07-05,22092.0,73.0,1144.0,11791.57142857143,13013.533333333333,2011,7,27,1,False
2011-07-06,19165.0,70.0,999.0,12805.142857142857,13337.066666666668,2011,7,27,2,False
2011-07-07,19141.0,76.0,1045.0,12404.0,13350.733333333334,2011,7,27,3,False
2011-07-08,12707.0,65.0,906.0,13127.714285714286,13065.633333333333,2011,7,27,4,False
2011-07-09,0.0,0.0,0.0,13127.714285714286,12123.466666666667,2011,7,27,5,True
2011-07-10,4204.0,24.0,601.0,13286.714285714286,11907.966666666667,2011,7,27,6,True
2011-07-11,15106.0,52.0,926.0,13202.142857142857,12411.5,2011,7,28,0,False
2011-07-12,13954.0,53.0,976.0,12039.57142857143,12561.4,2011,7,28,1,False
2011-07-13,16267.0,59.0,946.0,11625.57142857143,12727.266666666666,2011,7,28,2,False
2011-07-14,17524.0,71.0,952.0,11394.57142857143,12824.666666666666,2011,7,28,3,False
2011-07-15,7310.0,42.0,839.0,10623.57142857143,12055.633333333333,2011,7,28,4,False
2011-07-16,0.0,0.0,0.0,10623.57142857143,11379.9,2011,7,28,5,True
2011-07-17,11019.0,51.0,750.0,11597.142857142857,11355.433333333332,2011,7,28,6,True
2011-07-18,15098.0,65.0,1185.0,11596.0,11858.7,2011,7,29,0,False
2011-07-19,29168.0,67.0,851.0,13769.42857142857,12328.666666666666,2011,7,29,1,False
2011-07-20,17676.0,58.0,1050.0,13970.714285714286,12364.566666666668,2011,7,29,2,False
2011-07-21,19907.0,76.0,869.0,14311.142857142857,12555.366666666667,2011,7,29,3,False
2011-07-22,10270.0,43.0,875.0,14734.0,12370.433333333332,2011,7,29,4,False
2011-07-23,0.0,0.0,0.0,14734.0,11881.433333333332,2011,7,29,5,True
2011-07-24,17661.0,58.0,649.0,15682.857142857143,12137.433333333332,2011,7,29,6,True
2011-07-25,16095.0,59.0,1020.0,15825.285714285714,12673.933333333332,2011,7,30,0,False
2011-07-26,13709.0,53.0,763.0,13616.857142857143,13005.566666666668,2011,7,30,1,False
2011-07-27,13962.0,48.0,747.0,13086.285714285714,13141.033333333333,2011,7,30,2,False
2011-07-28,30256.0,80.0,858.0,14564.714285714286,13424.666666666666,2011,7,30,3,False
2011-07-29,11559.0,64.0,682.0,14748.857142857143,13407.633333333333,2011,7,30,4,False
2011-07-30,0.0,0.0,0.0,14748.857142857143,12676.0,2011,7,30,5,True
2011-07-31,19413.0,42.0,789.0,14999.142857142857,13068.4,2011,7,30,6,True
2011-08-01,11669.0,40.0,761.0,14366.857142857143,13457.366666666667,2011,8,31,0,False
2011-08-02,15718.0,44.0,848.0,14653.857142857143,13878.266666666666,2011,8,31,1,False
2011-08-03,16499.0,64.0,856.0,15016.285714285714,13904.966666666667,2011,8,31,2,False
2011-08-04,41143.0,82.0,895.0,16571.571428571428,14540.0,2011,8,31,3,False
2011-08-05,12750.0,55.0,836.0,16741.714285714286,14326.166666666666,2011,8,31,4,False
2011-08-06,0.0,0.0,0.0,16741.714285714286,13688.133333333333,2011,8,31,5,True
2011-08-07,5175.0,30.0,403.0,14707.714285714286,13437.066666666668,2011,8,31,6,True
2011-08-08,13336.0,40.0,823.0,14945.857142857143,13881.6,2011,8,32,0,False
2011-08-09,16258.0,42.0,652.0,15023.0,14283.4,2011,8,32,1,False
2011-08-10,14414.0,49.0,827.0,14725.142857142857,14260.333333333334,2011,8,32,2,False
2011-08-11,39228.0,69.0,1045.0,14451.57142857143,15102.8,2011,8,32,3,False
2011-08-12,11978.0,51.0,711.0,14341.285714285714,14959.833333333334,2011,8,32,4,False
2011-08-13,0.0,0.0,0.0,14341.285714285714,14375.7,2011,8,32,5,True
2011-08-14,3172.0,25.0,380.0,14055.142857142857,14237.766666666666,2011,8,32,6,True
2011-08-15,10173.0,48.0,614.0,13603.285714285714,14576.866666666667,2011,8,33,0,False
2011-08-16,11184.0,53.0,662.0,12878.42857142857,14582.366666666667,2011,8,33,1,False
2011-08-17,25649.0,54.0,939.0,14483.42857142857,14934.066666666668,2011,8,33,2,False
2011-08-18,34028.0,69.0,854.0,13740.57142857143,15096.066666666668,2011,8,33,3,False
2011-08-19,10664.0,56.0,556.0,13552.857142857143,14862.333333333334,2011,8,33,4,False
2011-08-20,0.0,0.0,0.0,13552.857142857143,14198.766666666666,2011,8,33,5,True
2011-08-21,8081.0,39.0,656.0,14254.142857142857,14125.8,2011,8,33,6,True
2011-08-22,15542.0,65.0,732.0,15021.142857142857,14643.866666666667,2011,8,34,0,False
2011-08-23,15172.0,64.0,816.0,15590.857142857143,14560.9,2011,8,34,1,False
2011-08-24,29360.0,76.0,946.0,16121.0,15003.066666666668,2011,8,34,2,False
2011-08-25,13316.0,74.0,751.0,13162.142857142857,14989.966666666667,2011,8,34,3,False
2011-08-26,17125.0,47.0,623.0,14085.142857142857,15095.4,2011,8,34,4,False
2011-08-27,0.0,0.0,0.0,14085.142857142857,14086.866666666667,2011,8,34,5,True
2011-08-28,6701.0,37.0,734.0,13888.0,13924.933333333332,2011,8,34,6,True
2011-08-29,0.0,0.0,0.0,11667.714285714286,13924.933333333332,2011,8,35,0,False
2011-08-30,10236.0,41.0,1304.0,10962.57142857143,13619.033333333333,2011,8,35,1,False
2011-08-31,12449.0,47.0,785.0,8546.714285714286,13645.033333333333,2011,8,35,2,False
2011-09-01,27850.0,76.0,774.0,10623.0,14049.433333333332,2011,9,35,3,False
2011-09-02,18433.0,74.0,1120.0,10809.857142857143,14113.9,2011,9,35,4,False
2011-09-03,0.0,0.0,0.0,10809.857142857143,12742.466666666667,2011,9,35,5,True
2011-09-04,10920.0,50.0,821.0,11412.57142857143,12681.466666666667,2011,9,35,6,True
2011-09-05,22742.0,68.0,885.0,14661.42857142857,13439.533333333333,2011,9,36,0,False
2011-09-06,15070.0,64.0,706.0,15352.0,13769.366666666667,2011,9,36,1,False
2011-09-07,16390.0,52.0,1086.0,15915.0,13871.166666666666,2011,9,36,2,False
2011-09-08,17404.0,76.0,933.0,14422.714285714286,13909.366666666667,2011,9,36,3,False
2011-09-09,17358.0,62.0,911.0,14269.142857142857,14007.5,2011,9,36,4,False
2011-09-10,0.0,0.0,0.0,14269.142857142857,12699.9,2011,9,36,5,True
2011-09-11,20906.0,75.0,1017.0,15695.714285714286,12997.5,2011,9,36,6,True
2011-09-12,16824.0,68.0,901.0,14850.285714285714,13558.3,2011,9,37,0,False
2011-09-13,36519.0,67.0,1095.0,17914.428571428572,14669.866666666667,2011,9,37,1,False
2011-09-14,14186.0,68.0,849.0,17599.571428571428,14803.633333333333,2011,9,37,2,False
2011-09-15,29281.0,83.0,1007.0,19296.285714285714,15406.866666666667,2011,9,37,3,False
2011-09-16,15051.0,50.0,800.0,18966.714285714286,15053.6,2011,9,37,4,False
2011-09-17,0.0,0.0,0.0,18966.714285714286,13919.333333333334,2011,9,37,5,True
2011-09-18,8937.0,27.0,829.0,17256.85714285714,13861.766666666666,2011,9,37,6,True
2011-09-19,29248.0,71.0,765.0,19031.714285714286,14836.7,2011,9,38,0,False
2011-09-20,43683.0,70.0,895.0,20055.14285714286,16023.433333333332,2011,9,38,1,False
2011-09-21,22312.0,75.0,1329.0,21216.0,16249.1,2011,9,38,2,False
2011-09-22,33144.0,112.0,1193.0,21767.85714285714,16848.166666666668,2011,9,38,3,False
2011-09-23,21872.0,64.0,1271.0,22742.285714285714,16598.566666666666,2011,9,38,4,False
2011-09-24,0.0,0.0,0.0,22742.285714285714,16154.7,2011,9,38,5,True
2011-09-25,19424.0,75.0,979.0,24240.428571428572,16231.333333333334,2011,9,38,6,True
2011-09-26,15249.0,66.0,900.0,22240.571428571428,16739.633333333335,2011,9,39,0,False
2011-09-27,21231.0,80.0,1006.0,19033.14285714286,17223.966666666667,2011,9,39,1,False
2011-09-28,25530.0,85.0,1299.0,19492.85714285714,18074.966666666667,2011,9,39,2,False
2011-09-29,27456.0,105.0,1134.0,18680.285714285714,18648.966666666667,2011,9,39,3,False
2011-09-30,22553.0,74.0,970.0,18777.571428571428,18985.766666666666,2011,9,39,4,False
2011-10-01,0.0,0.0,0.0,18777.571428571428,18057.433333333334,2011,10,39,5,True
2011-10-02,8332.0,35.0,862.0,17193.0,17720.733333333334,2011,10,39,6,True
2011-10-03,25942.0,68.0,1088.0,18720.571428571428,18585.466666666667,2011,10,40,0,False
2011-10-04,25284.0,81.0,1190.0,19299.571428571428,19064.266666666666,2011,10,40,1,False
2011-10-05,46222.0,96.0,1104.0,22255.571428571428,19846.933333333334,2011,10,40,2,False
2011-10-06,35367.0,122.0,1253.0,23385.714285714286,20523.5,2011,10,40,3,False
2011-10-07,30914.0,88.0,1068.0,24580.14285714286,21007.633333333335,2011,10,40,4,False
2011-10-08,0.0,0.0,0.0,24580.14285714286,20427.5,2011,10,40,5,True
2011-10-09,7285.0,39.0,798.0,24430.571428571428,20091.733333333334,2011,10,40,6,True
2011-10-10,26121.0,100.0,1323.0,24456.14285714286,20962.433333333334,2011,10,41,0,False
2011-10-11,28477.0,82.0,1227.0,24912.285714285714,21214.8,2011,10,41,1,False
2011-10-12,17639.0,88.0,1061.0,20829.0,21241.966666666667,2011,10,41,2,False
2011-10-13,18681.0,77.0,1164.0,18445.285714285714,20647.366666666665,2011,10,41,3,False
2011-10-14,18134.0,74.0,991.0,16619.571428571428,20778.966666666667,2011,10,41,4,False
2011-10-15,0.0,0.0,0.0,16619.571428571428,19802.933333333334,2011,10,41,5,True
2011-10-16,8649.0,35.0,800.0,16814.428571428572,19589.533333333333,2011,10,41,6,True
2011-10-17,31319.0,89.0,1339.0,17557.0,20633.5,2011,10,42,0,False
2011-10-18,29285.0,84.0,1236.0,17672.428571428572,21311.766666666666,2011,10,42,1,False
2011-10-19,19178.0,85.0,1186.0,17892.285714285714,20976.1,2011,10,42,2,False
2011-10-20,40855.0,89.0,1146.0,21060.0,20881.833333333332,2011,10,42,3,False
2011-10-21,24779.0,64.0,802.0,22009.285714285714,20964.066666666666,2011,10,42,4,False
2011-10-22,0.0,0.0,0.0,22009.285714285714,19859.266666666666,2011,10,42,5,True
2011-10-23,6953.0,42.0,969.0,21767.0,19361.966666666667,2011,10,42,6,True
2011-10-24,25922.0,78.0,1326.0,20996.0,20226.033333333333,2011,10,43,0,False
2011-10-25,26818.0,77.0,1131.0,20643.571428571428,20472.5,2011,10,43,1,False
2011-10-26,20617.0,95.0,1049.0,20849.14285714286,20651.433333333334,2011,10,43,2,False
2011-10-27,32761.0,106.0,1135.0,19692.85714285714,21035.766666666666,2011,10,43,3,False
2011-10-28,23998.0,78.0,858.0,19581.285714285714,20984.7,2011,10,43,4,False
2011-10-29,0.0,0.0,0.0,19581.285714285714,20069.5,2011,10,43,5,True
2011-10-30,19943.0,96.0,1213.0,21437.0,19982.5,2011,10,43,6,True
2011-10-31,21554.0,72.0,1599.0,20813.0,20700.966666666667,2011,10,44,0,False
2011-11-01,16546.0,77.0,886.0,19345.571428571428,20974.766666666666,2011,11,44,1,False
2011-11-02,28488.0,85.0,1238.0,20470.0,21059.633333333335,2011,11,44,2,False
2011-11-03,34314.0,103.0,1205.0,20691.85714285714,21360.633333333335,2011,11,44,3,False
2011-11-04,35144.0,94.0,1262.0,22284.14285714286,20991.366666666665,2011,11,44,4,False
2011-11-05,0.0,0.0,0.0,22284.14285714286,19812.466666666667,2011,11,44,5,True
2011-11-06,23089.0,102.0,1312.0,22733.571428571428,19551.633333333335,2011,11,44,6,True
2011-11-07,31299.0,93.0,1048.0,24125.714285714286,20594.933333333334,2011,11,45,0,False
2011-11-08,26366.0,108.0,1477.0,25528.571428571428,21230.966666666667,2011,11,45,1,False
2011-11-09,38139.0,119.0,1245.0,26907.285714285714,21631.566666666666,2011,11,45,2,False
2011-11-10,38079.0,129.0,1305.0,27445.14285714286,21951.633333333335,2011,11,45,3,False
2011-11-11,28967.0,105.0,1533.0,26562.714285714286,22329.233333333334,2011,11,45,4,False
2011-11-12,0.0,0.0,0.0,26562.714285714286,21706.533333333333,2011,11,45,5,True
2011-11-13,20686.0,87.0,1259.0,26219.428571428572,21791.6,2011,11,45,6,True
2011-11-14,47236.0,107.0,1416.0,28496.14285714286,23366.133333333335,2011,11,46,0,False
2011-11-15,30318.0,108.0,1456.0,29060.714285714286,24088.433333333334,2011,11,46,1,False
2011-11-16,32955.0,130.0,1516.0,28320.14285714286,24142.966666666667,2011,11,46,2,False
2011-11-17,31596.0,137.0,1439.0,27394.0,24220.0,2011,11,46,3,False
2011-11-18,23921.0,108.0,1239.0,26673.14285714286,24378.1,2011,11,46,4,False
2011-11-19,0.0,0.0,0.0,26673.14285714286,23016.266666666666,2011,11,46,5,True
2011-11-20,19107.0,100.0,1285.0,26447.571428571428,22827.2,2011,11,46,6,True
2011-11-21,25705.0,100.0,1259.0,23371.714285714286,23684.033333333333,2011,11,47,0,False
2011-11-22,35367.0,135.0,1504.0,24093.0,24631.166666666668,2011,11,47,1,False
2011-11-23,39295.0,131.0,1408.0,24998.714285714286,25076.933333333334,2011,11,47,2,False
2011-11-24,26396.0,113.0,1510.0,24255.85714285714,25062.866666666665,2011,11,47,3,False
2011-11-25,18923.0,83.0,1378.0,23541.85714285714,25006.4,2011,11,47,4,False
2011-11-26,0.0,0.0,0.0,23541.85714285714,23914.366666666665,2011,11,47,5,True
2011-11-27,10942.0,57.0,1123.0,22375.428571428572,23479.166666666668,2011,11,47,6,True
2011-11-28,29334.0,115.0,1442.0,22893.85714285714,24456.966666666667,2011,11,48,0,False
2011-11-29,30809.0,135.0,1557.0,22242.714285714286,24819.166666666668,2011,11,48,1,False
2011-11-30,28356.0,108.0,1381.0,20680.0,25045.9,2011,11,48,2,False
2011-12-01,27004.0,121.0,1252.0,20766.85714285714,25394.5,2011,12,48,3,False
2011-12-02,28690.0,120.0,1314.0,22162.14285714286,25401.233333333334,2011,12,48,4,False
2011-12-03,0.0,0.0,0.0,22162.14285714286,24257.433333333334,2011,12,48,5,True
2011-12-04,12296.0,66.0,1038.0,22355.571428571428,23495.833333333332,2011,12,48,6,True
2011-12-05,44497.0,127.0,1767.0,24521.714285714286,24979.066666666666,2011,12,49,0,False
2011-12-06,30377.0,115.0,1421.0,24460.0,25222.0,2011,12,49,1,False
2011-12-07,41789.0,106.0,1113.0,26379.0,25571.666666666668,2011,12,49,2,False
2011-12-08,35010.0,120.0,1665.0,27522.714285714286,25859.8,2011,12,49,3,False
2011-12-09,93950.0,44.0,1082.0,36845.57142857143,27720.166666666668,2011,12,49,4,False
