ds,yhat,yhat_lower,yhat_upper
2009-12-01,30975.467160878412,18685.716413658178,42614.9787082287
2009-12-02,29531.201390681712,17467.179958563524,42678.94998619429
2009-12-03,32379.57784633503,20277.86278466907,45031.40772845006
2009-12-04,26057.477718424056,13928.41666390663,38209.59844228456
2009-12-05,9967.726210957393,-2407.4264987664637,22677.898898726336
2009-12-06,19223.145534356667,7124.345858438081,30833.343345931185
2009-12-07,28193.637280668416,15125.602449371834,40022.929379941685
2009-12-08,28272.40516856224,16282.75969546218,40113.87577241024
2009-12-09,26123.612227256424,14579.52945828877,38167.74336684252
2009-12-10,28251.8547280903,16306.29170742786,41866.746748041616
2009-12-11,21210.41840929588,9757.123852193077,33724.63188432332
2009-12-12,4419.270211444353,-6747.316330839891,16403.054708731805
2009-12-13,13008.661977448453,903.6591921403785,25003.09140870751
2009-12-14,21365.74667783802,7837.193147673374,32822.372108475596
2009-12-15,20900.331022771916,9289.563737738914,33558.68379708353
2009-12-16,18292.071634079482,6454.365632990675,30182.804281475906
2009-12-17,20059.51005222988,7318.718952831639,31225.89693558696
2009-12-18,12767.924582501522,1390.9959609840537,25023.339376561937
2009-12-19,-4153.036204045184,-16226.309653953085,8368.89845172717
2009-12-20,4433.948542985152,-8301.535893644097,16920.70347105834
2009-12-21,12920.25195145965,120.91108843619378,26177.471008366585
2009-12-22,12716.888429951807,-295.4666533727404,24816.717603797097
2009-12-23,10501.624046198833,-2117.006015403091,22268.836553558605
2009-12-24,12788.006635016402,742.4083567554015,24070.429808151697
2009-12-25,6133.294504877838,-6249.315720780887,18270.50733887577
2009-12-26,-10043.752802342466,-22859.97413241462,2696.6829394292354
2009-12-27,-619.3385576649034,-12626.032795908275,11845.782546161297
2009-12-28,8782.056268702101,-3671.0199977215366,21501.600815927093
2009-12-29,9553.630364730703,-2807.973469125175,22001.851781362097
2009-12-30,8353.794681447127,-3567.9130218618116,21069.214530370216
2009-12-31,11675.667622753466,115.66399411259926,24514.965163222332
2010-01-01,6055.499483675669,-5868.009531424798,18181.430057168403
2010-01-02,-9109.02351524732,-21433.9491314293,1667.2871936716103
2010-01-03,1285.2740543101318,-11461.843654488623,12335.894781062501
2010-01-04,11594.249353204497,-580.1267425980715,24078.232014278237
2010-01-05,13192.882842960596,485.7883505968843,25472.050596221263
2010-01-06,12723.25888916539,-37.16767166156925,24639.277472938356
2010-01-07,16664.460826329996,4222.867461365132,29775.29022988306
2010-01-08,11541.336510526708,-261.92873665614474,23141.768683828228
2010-01-09,-3256.924340574169,-15588.87016652361,8735.878873614462
2010-01-10,7367.461421672899,-5614.899152449331,18820.90892712141
2010-01-11,17768.180997825893,4019.1937143129267,30251.27913503813
2010-01-12,19321.30211867587,7162.635665655458,31458.93612089229
2010-01-13,18673.204635620932,6117.6369011694205,30492.465458630286
2010-01-14,22310.3441884565,9698.887866406712,35900.46915369114
2010-01-15,16767.807744477814,4376.75497595407,28438.203791727265
2010-01-16,1447.608197407515,-10528.47125501802,14320.831497256317
2010-01-17,11462.588311201536,-182.3866729013639,24074.886343933333
2010-01-18,21183.328405735563,9633.943268241406,32974.74579703828
2010-01-19,22004.17563439386,9747.29738426746,34006.933934651
2010-01-20,20590.69629210603,8053.708871265393,33464.254199915704
2010-01-21,23448.941136829297,12183.297165081367,36129.54472912158
2010-01-22,17133.496972939356,5348.050062711158,29752.311974378717
2010-01-23,1065.2852227709336,-11217.026092166365,12791.691550081492
2010-01-24,10374.99101251277,-2376.322497708457,22472.197859461216
2010-01-25,19449.529748687335,7565.402038158499,32065.231016831945
2010-01-26,19697.680602727556,7056.863808448908,32070.18303310511
2010-01-27,17797.198602745408,5305.04245491854,30128.46998222569
2010-01-28,20263.803955968295,7167.443299190891,32249.560458117776
2010-01-29,13659.028676591672,2441.9427449002837,26370.012306794833
2010-01-30,-2592.113942928436,-14461.729498168112,9602.51424073719
2010-01-31,6642.249190655539,-5651.316962946125,18345.81898316871
2010-02-01,15747.346013988274,2640.265520794651,27653.30347098321
2010-02-02,16127.498588522978,3811.011287114638,28666.325598383442
2010-02-03,14453.41449471576,2294.724599307521,26471.40492692825
2010-02-04,17231.423132530563,5616.884457400987,29887.839343426494
2010-02-05,11011.629345591973,-1298.0038525944478,23700.540582188172
2010-02-06,-4794.059348422525,-17702.589400001787,7683.437730494589
2010-02-07,4931.843705177962,-7842.791887538047,16789.921619675843
2010-02-08,14559.325862647496,1706.3491115867519,26228.51508460024
2010-02-09,15477.057283783195,4265.2407665397195,28128.505294483257
2010-02-10,14340.128831745289,2317.691549918593,27010.480050779675
2010-02-11,17639.72597467448,6087.982792863449,30393.212062937575
2010-02-12,11911.69892501297,-357.0368467207386,24250.841702125854
2010-02-13,-3445.026214868609,-16024.557075432842,8336.273288135257
2010-02-14,6675.6699371658015,-6134.363020833369,19066.716073405853
2010-02-15,16634.310433161656,4747.251646131895,29713.54571065241
2010-02-16,17812.23331261301,5495.840769170449,30129.190007367823
2010-02-17,16859.493378454154,4585.6796930930395,29617.949801997915
2010-02-18,20264.630839194837,8117.341560942439,32801.61435061115
2010-02-19,14563.265256682185,1980.0838211784267,27113.835851268414
2010-02-20,-843.5401149525806,-12956.681246128612,11068.760727543528
2010-02-21,9154.723906914618,-2896.6497206007684,21879.26854239965
2010-02-22,18925.043594634044,6790.250222161977,30686.41643331251
2010-02-23,19857.05637876422,8205.620960390806,32046.09364521556
2010-02-24,18610.665027304596,6314.896897775531,31695.93418160657
2010-02-25,21685.477397351955,9802.3605643094,34309.97965319022
2010-02-26,15629.040356713735,3717.640493127307,27336.31431048595
2010-02-27,-145.17607712960125,-12980.548553052906,11925.154090956265
2010-02-28,9485.834563327611,-3096.838572004398,21711.36953906171
2010-03-01,18901.260265226152,6896.1521263589175,31173.363602889644
2010-03-02,19502.272739913515,7967.879136489577,30639.320716207712
2010-03-03,17959.294822442906,6110.8402861944605,30594.400795786445
2010-03-04,20781.128547222474,8891.063322126325,32707.902053191297
2010-03-05,14522.921391373826,1275.9280030068248,26808.00293933133
2010-03-06,-1396.0657366650994,-13870.118850538383,11091.841024096237
2010-03-07,8150.996068742871,-4192.473726073566,20211.08280195109
2010-03-08,17545.05174878986,5423.224330470581,30259.787434805658
2010-03-09,18186.931396294298,6425.729502062737,29941.616504659338
2010-03-10,16744.648985057513,4651.784517396066,29735.090362573137
2010-03-11,19722.624701825847,7352.115899547849,30713.294685688274
2010-03-12,13669.805041402438,1601.8481047109483,24763.93177383082
2010-03-13,-2002.3608401977908,-14632.343035025566,9768.33820454256
2010-03-14,7823.789716533814,-4688.731065644203,20194.05168531598
2010-03-15,17518.976980043648,5726.689609774102,29938.557826556007
2010-03-16,18473.07474930551,7266.812300636209,30204.743758365887
2010-03-17,17342.756576760796,5801.396360356042,29940.24624400706
2010-03-18,20621.075740953824,7834.216093624444,33378.3325175804
2010-03-19,14845.94234056459,2380.1824310508305,27222.12194571188
2010-03-20,-581.5546998167738,-12836.600090177119,12147.38849450658
2010-03-21,9446.887210522462,-2817.0905459620035,21865.725041029596
2010-03-22,19293.921169441848,6507.735080007493,30995.24859586311
2010-03-23,20342.899546169858,7509.696628174583,32412.256687236462
2010-03-24,19245.725750922342,6753.634657722878,32210.726743796575
2010-03-25,22492.586493746567,10503.210808916321,35195.9424943524
2010-03-26,16620.52354623543,4225.273466770823,28826.788957269764
2010-03-27,1031.790164629947,-10962.782758339448,13919.071242089489
2010-03-28,10837.859259588611,-1410.4991344396744,22340.58083086032
2010-03-29,20406.473452679347,7931.618115629761,32534.12882172664
2010-03-30,21127.84970040965,8483.001219444612,33365.67484219743
2010-03-31,19662.333926298474,8185.565117374986,32272.786289142143
2010-04-01,22509.889256254035,9363.319520659314,34601.48828307676
2010-04-02,16218.384062645235,4587.102953675484,28263.575941895037
2010-04-03,201.63351562624302,-11795.159232900494,11814.524415308491
2010-04-04,9583.0710673862,-3517.5953412718186,21764.92748212117
2010-04-05,18742.449966358163,5189.635704404798,30490.86438893639
2010-04-06,19081.697736289516,6790.499418209011,31435.44418390485
2010-04-07,17272.229403085268,5072.384947886022,29796.60182544421
2010-04-08,19824.112901907858,7746.919692145538,32649.78156821226
2010-04-09,13294.062400343211,1452.140196467929,26538.849451301197
2010-04-10,-2896.778302908304,-15584.07364769463,9661.770999172506
2010-04-11,6380.621560622236,-5291.946440576488,18817.26925218434
2010-04-12,15509.717213027023,3067.010011931851,28532.03928056032
2010-04-13,15894.133511463166,3434.6347547626137,28472.907218175995
2010-04-14,14204.926610113731,2392.2259630147305,26614.34279476091
2010-04-15,16949.756838240075,5371.988378426922,29210.4743183731
2010-04-16,10680.94810681475,-1908.3481481770743,22442.035107084503
2010-04-17,-5186.6061258178015,-17386.80616655625,7681.003697105069
2010-04-18,4468.189773461421,-8613.488010181558,16700.461024452405
2010-04-19,14019.393830472127,1125.579282015054,26843.685607604686
2010-04-20,14860.035194738912,2879.894484563234,26885.018365041255
2010-04-21,13649.672388831656,1243.7711386990136,25921.002715280993
2010-04-22,16883.88711432626,4482.574451257424,28068.449332626875
2010-04-23,11102.679544568695,-1539.8426335215536,22631.46676911715
2010-04-24,-4291.284449542438,-16411.5675110526,7948.516012484856
2010-04-25,5811.295837942755,-6588.789342269775,17909.12406667506
2010-04-26,15773.438591796425,3748.814938383702,27993.768617204023
2010-04-27,16978.187241384014,3782.5931138035794,29169.238741059024
2010-04-28,16076.435965106257,3608.3174502052466,28009.168218834668
2010-04-29,19556.65153237056,8019.051932117751,32537.141502288512
2010-04-30,13953.451194930687,1596.1417889682216,26777.486666545115
2010-05-01,-1334.017959246541,-14351.601943635333,10299.09631300061
2010-05-02,8801.968700597157,-3307.12254498257,20875.74824615014
2010-05-03,18724.818903303065,5705.181231844474,30829.207467828975
2010-05-04,19819.89847086946,7261.420157912302,32111.957475814117
2010-05-05,18742.269784239386,7080.644642287798,31158.712760355473
2010-05-06,21986.275328239768,9508.767827872654,35451.47212992546
2010-05-07,16093.930499428023,3277.952444276135,29238.35375121573
2010-05-08,473.0768832976082,-12354.834077467807,12329.7211708199
2010-05-09,10241.169823233166,-3196.718071327406,22840.637359960998
2010-05-10,19772.097636263814,7251.699738232795,32832.18201046306
2010-05-11,20462.152613782375,7895.786214683088,32176.333671999364
2010-05-12,18977.45681476204,5467.769518676796,30916.630175338316
2010-05-13,21823.233400976496,8925.15637138848,34783.60398533131
2010-05-14,15551.89672905143,3497.9617228312354,27508.58423058339
2010-05-15,-419.07893403294474,-12675.834885419825,11535.265729538141
2010-05-16,9036.369765739419,-3521.0259489039086,21014.289170755455
2010-05-17,18299.489531726962,6124.754334967539,30116.21191230648
2010-05-18,18772.4958397416,6772.58841184792,31009.79403158982
2010-05-19,17125.857598801944,4788.631277513708,28905.991615810195
2010-05-20,19867.475232142267,7352.025398792915,31360.833191769667
2010-05-21,13550.727483745055,304.0359187165261,25142.936456503456
2010-05-22,-2407.652614042987,-13872.111072960692,9311.26381143848
2010-05-23,7116.008313566662,-5728.92875634413,19629.89128875851
2010-05-24,16499.022267582644,4401.549860952468,28649.53564831472
2010-05-25,17138.2728827583,3949.466020708456,29184.24326111815
2010-05-26,15697.686048005104,2582.138472003527,28489.92612387628
2010-05-27,18677.626324181714,6148.786297193101,31379.85845775752
2010-05-28,12623.187469532522,-889.0816754969161,24349.939302525676
2010-05-29,-3057.670136186607,-15575.52830630992,8371.839506849308
2010-05-30,6749.737678983227,-5855.073069945728,18320.339569872292
2010-05-31,16413.789679744183,4363.747131653341,28050.85845045922
2010-06-01,17322.757954691424,5600.97249155551,28974.510653525092
2010-06-02,16132.52958810216,4243.8602499355275,28067.14378831506
2010-06-03,19336.232127083727,6890.525449918907,30467.7501608195
2010-06-04,13472.724589156584,792.5626264806818,26504.223098145372
2010-06-05,-2055.0988073854205,-14785.244703242908,8883.709590395409
2010-06-06,7863.676163577677,-3806.0189729235344,20564.085993125685
2010-06-07,17595.04025061524,4946.323830667464,29495.563958459217
2010-06-08,18526.301319259335,6939.608094001784,30269.001633344647
2010-06-09,17313.803464360615,4767.061140886923,28718.710434653574
2010-06-10,20452.506380907493,8008.973508549471,32111.444861082673
2010-06-11,14484.388737235044,1780.3572382395766,26929.855772650488
2010-06-12,-1183.373727881215,-13883.403131121666,11443.351969156318
2010-06-13,8565.4174243809,-3923.1255384452365,20347.095687133144
2010-06-14,18102.852642527345,5713.773637537658,31359.370550470092
2010-06-15,18822.946051128718,6551.082389038027,31349.930352306816
2010-06-16,17389.130820008584,5166.554164546307,28466.04208911036
2010-06-17,20303.607171674244,7570.128500516912,32746.333079427288
2010-06-18,14115.514323973493,2011.4064787144928,26620.30861831891
2010-06-19,-1761.1157402954195,-13521.083034369452,9920.608490786715
2010-06-20,7796.257198747319,-5107.1737400036845,19704.01393338246
2010-06-21,17165.361363377368,6255.483174796321,29581.40881788392
2010-06-22,17744.98143428599,4797.163306391005,30455.673410864452
2010-06-23,16202.32185552874,3554.243135653973,28330.298694654888
2010-06-24,19042.257682189986,7183.853632952348,30803.534947041742
2010-06-25,12815.446863828864,-742.4459102175266,24766.709151199746
2010-06-26,-3063.736783884704,-15615.773610248732,9096.00767902725
2010-06-27,6526.4300486824395,-5050.814454610622,19159.028263690765
2010-06-28,15961.755872698875,3785.6340475320826,27856.889638132983
2010-06-29,16638.09420524666,4664.196454545455,29075.610470294338
2010-06-30,15218.830120678113,3356.424633104143,27719.46052912594
2010-07-01,18204.281729639526,5665.562205712046,30201.873515858755
2010-07-02,12139.985102063807,-582.8827367903763,25544.916407161385
2010-07-03,-3565.1841116454816,-14870.604704171756,8512.590078204796
2010-07-04,6204.821002148465,-5522.736851084509,18183.992053591075
2010-07-05,15820.1550982042,4186.6720173990125,28533.613105568198
2010-07-06,16671.237001362635,4068.5804305424253,28923.044378571125
2010-07-07,15416.422113013092,2852.3051979807433,27329.3328798659
2010-07-08,18551.57274101857,5973.307779108188,30908.854149471394
2010-07-09,12618.48924621161,170.23142207872885,24801.3495568005
2010-07-10,-2976.8496320398735,-15213.211489892763,9561.587892165475
2010-07-11,6879.632274119505,-5155.947136017889,19329.16406412644
2010-07-12,16557.098143142455,4238.056087802286,28326.24532328151
2010-07-13,17445.971802319866,6231.436168029688,30752.135610177742
2010-07-14,16205.590977561587,4389.441792781441,27928.898463550664
2010-07-15,19333.722870526763,6189.344851576452,31524.064518153577
2010-07-16,13374.90693218759,1471.0920788005542,25377.13148342764
2010-07-17,-2261.4236861911195,-14515.389111340772,9713.844292909784
2010-07-18,7542.831702201553,-5476.877927488238,18778.06814746522
2010-07-19,17161.264416239275,4487.276362122458,28839.53333704927
2010-07-20,17988.948101198548,6050.684293393373,29402.293213365887
2010-07-21,16689.900942911496,4599.937632277978,28975.128797864356
2010-07-22,19766.407831818316,7059.229056981498,32066.13867171479
2010-07-23,13767.174185428803,1495.2548993545247,25992.160025777182
2010-07-24,-1894.7303477186415,-14027.799266819513,9659.801484124964
2010-07-25,7901.741823151523,-4151.4664297922845,20770.198170837033
2010-07-26,17532.30273977171,5830.531699106358,29850.246240429315
2010-07-27,18393.212539082466,6488.322235332258,30592.441841831882
2010-07-28,17148.666685577828,4832.277845564993,29029.05489293339
2010-07-29,20300.079107393532,7726.17442226668,31634.95761203645
2010-07-30,14394.23509532663,2361.9140837746604,26695.65624388991
2010-07-31,-1158.727090696666,-13017.757281429012,10778.527315060524
2010-08-01,8758.373677322345,-2531.505565558473,21731.252739960502
2010-08-02,18516.56051639584,6483.9090966661815,30268.85763074481
2010-08-03,19506.728281521457,7112.138316077909,31784.862199406365
2010-08-04,18387.2058626637,6625.647357006209,30970.700889491138
2010-08-05,21653.23835335696,9317.03566305762,34115.283306785146
2010-08-06,15845.356635787224,3696.7717126983803,27703.5238952535
2010-08-07,367.5864869332636,-10636.736789625267,12280.09589088003
2010-08-08,10331.369432713047,-2869.9662744761044,21904.902925952916
2010-08-09,20102.588659618326,7754.985088995449,32233.772957565117
2010-08-10,21067.81374836329,9048.486639961153,34085.699479294366
2010-08-11,19882.058728392585,7326.937894837521,31850.62082352602
2010-08-12,23038.43381698326,10454.512618700412,35068.42563952578
2010-08-13,17076.652114808065,4324.372735381075,29365.38789781239
2010-08-14,1401.3379887383799,-11738.718942804566,13019.384735993464
2010-08-15,11126.005075105444,-616.7886404344983,24173.4375315811
2010-08-16,20620.09415613007,8377.788541992313,32458.84784926799
2010-08-17,21275.182967402725,8886.696941902821,33847.93113290065
2010-08-18,19752.66215909371,8017.510822518114,32421.18324130489
2010-08-19,22553.2589593631,10546.12083933771,35023.279329227444
2010-08-20,16225.37244842651,3900.7479510461167,27818.65416000484
2010-08-21,183.17120908055404,-11408.667119263198,12733.723839749591
2010-08-22,9550.326614808506,-2135.798346424036,21852.278633628976
2010-08-23,18706.778497003805,6410.33418440851,30091.354431411844
2010-08-24,19054.652715634504,6463.620869655483,31501.23893553901
2010-08-25,17265.633093564593,5365.571771553358,29872.274998701454
2010-08-26,19850.178034717734,7067.238923509318,32148.633235555666
2010-08-27,13365.554786980403,1149.8224882007787,25700.248687831358
2010-08-28,-2766.348823978871,-14560.644681713111,10019.273404873185
2010-08-29,6584.446878026729,-4871.190516689503,18587.956267497157
2010-08-30,15802.549248088852,3977.8403534953295,27835.849006490367
2010-08-31,16292.920725198164,3425.959604235078,27671.512231144792
2010-09-01,14728.106751821111,2697.0293446134415,26128.40052956822
2010-09-02,17617.35978197977,5577.385423449778,30091.349525734793
2010-09-03,11514.636191715626,-496.5757119503523,24765.272239716363
2010-09-04,-4163.571762610483,-17679.401411557774,7652.107265064857
2010-09-05,5705.313820854903,-7717.553956064449,18644.285340884253
2010-09-06,15496.628099414529,3544.62384123287,27925.558162961424
2010-09-07,16604.38131427705,4952.391863801162,28421.983620069666
2010-09-08,15688.727513661834,2836.4903009764107,28264.436481548604
2010-09-09,19245.373969897526,7788.076929489068,32355.412092282422
2010-09-10,13813.900962423624,1003.8760233912027,26206.15616226099
2010-09-11,-1204.0536354633714,-14269.282081963504,11095.480817322994
2010-09-12,9299.12545033868,-1898.1127230008392,22029.228239256445
2010-09-13,19684.086123042525,6915.98144929284,31586.383230257365
2010-09-14,21330.807406470714,8654.838062030989,32806.33310425276
2010-09-15,20886.43842359029,8994.968212749565,33525.59076428902
2010-09-16,24835.05669818209,12924.638353000042,37759.40519189775
2010-09-17,19706.305573579077,7712.9195722708355,32385.882258813566
2010-09-18,4893.85545331456,-7545.036436336215,16502.77881752279
2010-09-19,15499.554255557314,4252.881186702059,27697.26468430156
2010-09-20,25880.6543200854,13094.073503227275,37906.2380779856
2010-09-21,27416.22439661792,16151.698176354075,39464.375971275505
2010-09-22,26755.037159734897,14467.123191053795,37774.14939644885
2010-09-23,30385.309751243436,18101.793879616307,42951.03291639706
2010-09-24,24843.25702708483,12227.29670561124,36525.49845113202
2010-09-25,9531.403946372255,-2975.4806177154264,21011.388292662814
2010-09-26,19562.526043314865,6778.1762965891185,31709.08506160485
2010-09-27,29306.61049775312,17165.807691838516,41736.52185871334
2010-09-28,30156.953303541886,18203.16064077546,42704.24302593941
2010-09-29,28777.69125658536,16104.680322965965,42024.52084691692
2010-09-30,31673.15572478891,18685.38271911833,44253.6066353423
2010-10-01,25396.018259527627,13281.721445683057,37613.07447965011
2010-10-02,9365.185503256835,-3574.0229368379464,21642.543306706204
2010-10-03,18709.323676514454,7249.228956016488,30534.236900855394
2010-10-04,27813.416508182185,14944.783191977052,40104.930341276515
2010-10-05,28084.484771240408,15771.10298879889,39775.755589449785
2010-10-06,26198.76839881576,13341.37711358167,39130.49472214874
2010-10-07,28670.783920939328,15994.902428458907,41851.91694078532
2010-10-08,22061.219257472145,9756.660292644574,34204.302944841555
2010-10-09,5794.638311945855,-6187.663832787752,18319.864750929708
2010-10-10,15002.879221124917,2707.6489076423372,27024.661349174832
2010-10-11,24071.553535437837,11547.417778172028,36342.489899210465
2010-10-12,24405.774381993186,11956.03038309471,37218.33277386095
2010-10-13,22677.422314138006,11613.22546736604,34638.13616652306
2010-10-14,25394.342931923817,12428.63730673785,36235.487043236004
2010-10-15,19108.450386196975,6969.043425680512,31227.683795671226
2010-10-16,3233.695081604199,-8285.891520667521,14514.872165326973
2010-10-17,12889.773499752286,216.43208493025642,25013.464513918756
2010-10-18,22448.978481998383,10242.367846456134,35081.50972294839
2010-10-19,23302.307969387653,10296.071532538974,35631.0530508302
2010-10-20,22107.130017902142,9345.694764629277,34070.3774659056
2010-10-21,25356.786768835875,12636.33103660322,37257.1939617558
2010-10-22,19589.09988831729,7105.936269577392,31792.480791434817
2010-10-23,4204.724335321023,-8239.961347160657,15671.73304851589
2010-10-24,14311.217393398822,2763.6914731995603,26471.28544130277
2010-10-25,24270.21110987331,12728.612973597907,37190.40779029816
2010-10-26,25463.797028027948,12889.256541379573,36933.445860432694
2010-10-27,24542.413267753815,11769.473873985346,36712.99688361906
2010-10-28,27994.6105638298,16505.78158487024,41064.45666653671
2010-10-29,22355.654762808637,9748.933854229139,34679.22917442471
2010-10-30,7025.911258024402,-4976.159234630922,18736.805834216433
2010-10-31,17114.87655237643,4493.449279090045,29875.224384701676
2010-11-01,26988.247075881038,14917.307334409375,39831.16503672943
2010-11-02,28034.1373700369,15570.505532014151,40225.7860528528
2010-11-03,26910.742887461536,14988.545179791654,39036.866804453384
2010-11-04,30115.83078953204,17634.84350978084,42401.99783755666
2010-11-05,24195.025216362155,11900.57206646835,35514.81066614822
2010-11-06,8559.840990439065,-4090.632892640082,21248.379633673856
2010-11-07,18331.34273169822,5857.165099491742,30232.69761612364
2010-11-08,27886.830215921953,16177.734533048411,39700.09064446
2010-11-09,28625.67382987826,17302.453857767734,40839.51397592591
2010-11-10,27216.606990426815,15342.40424197111,39795.6602795358
2010-11-11,30166.870181522172,17565.616143984622,42105.50240865202
2010-11-12,24030.18367525583,11592.757843637828,35948.869310149574
2010-11-13,8224.512496552168,-3692.4563428578645,21282.908977271614
2010-11-14,17875.508926628157,5672.770448745188,31067.710129477015
2010-11-15,27363.040166660394,15659.98183135937,39971.09647940657
2010-11-16,28086.93006853274,15355.526094566869,39707.85383118955
2010-11-17,26714.224962841014,13655.8012743175,38436.30968610755
2010-11-18,29748.379409579844,17467.75315559875,42882.380285572406
2010-11-19,23737.338073790685,11767.203329781323,36103.53290073704
2010-11-20,8091.474403004713,-3980.4650553480096,20283.504916202546
2010-11-21,17927.353551084452,6246.654654661337,30345.133434942225
2010-11-22,27614.28564878818,15291.5816902711,39117.982321236115
2010-11-23,28540.65982853037,15903.756163047115,41036.69249501297
2010-11-24,27361.489610916775,14224.997972450108,38890.96988622296
2010-11-25,30567.989587147164,19098.942011533443,42546.511979830975
2010-11-26,24696.061042036694,12996.186253226375,37302.43585989635
2010-11-27,9144.63514015248,-3174.277725131136,21429.259745878684
2010-11-28,19019.741966416717,6788.417028974802,32229.07084082837
2010-11-29,28681.694458816753,16221.193097856742,40946.22122100158
2010-11-30,29511.49651263153,17897.06234080055,41927.949213469234
2010-12-01,28158.765184329783,15869.09743416913,41121.243046952106
2010-12-02,31111.542829244732,18287.331423662104,42827.800727285896
2010-12-03,24904.95608097605,12900.912005612936,37166.155545813366
2010-12-04,8939.6643212928,-3401.8405453390524,22010.659867607308
2010-12-05,18325.9618807066,6677.588571962835,30241.84037935225
2010-12-06,27430.921012457162,15279.449996534213,39488.64290096899
2010-12-07,27644.685050536857,15714.082807813515,39799.92719216019
2010-12-08,25628.20394995492,13668.072116990232,37991.0320550394
2010-12-09,27882.79240203965,15715.706449705125,40239.92619702524
2010-12-10,20958.473770077704,8103.78207624285,33004.10270881155
2010-12-11,4272.06064090666,-8389.502185017993,16602.203539686194
2010-12-12,12950.845971201928,1310.7430264132165,24746.943940773686
2010-12-13,21379.302932562252,9452.604632607854,33749.11306226492
2010-12-14,20964.914943821732,8672.428675259605,33579.231901462976
2010-12-15,18385.50169167189,6285.618981321727,31319.551520825687
2010-12-16,20158.130196504964,8366.62528558969,32326.386733022635
2010-12-17,12847.195637557237,-247.15986594138224,25620.277192766556
2010-12-18,-4117.973080610302,-16164.562937324783,8389.828898389338
2010-12-19,4400.207019995887,-8206.46848275064,17343.922478321892
2010-12-20,12793.956114179715,1067.2654196218487,25334.906619207002
2010-12-21,12475.708270179866,1446.218608625089,25202.23161059538
2010-12-22,10125.194296637972,-2029.4851197116043,22185.852636190095
2010-12-23,12258.429717582827,-1201.3879525509135,24548.828266199656
2010-12-24,5435.58777621724,-7695.095717307128,17050.221923009147
2010-12-25,-10921.277692892534,-22812.41164738254,1926.5313055519498
2010-12-26,-1684.7745211122146,-13481.77658234051,10845.982537818287
2010-12-27,7524.426188849811,-4298.688182582288,19330.002944131462
2010-12-28,8103.454696185832,-5732.143568594276,19326.76663206318
2010-12-29,6714.678837083091,-5833.147813211199,18385.42280161332
2010-12-30,9855.101740166232,-1852.3638288221323,22806.896985418858
2010-12-31,4064.690300552449,-9863.891269236161,16645.460097918458
2011-01-01,-11255.41268024683,-23386.69595219985,911.7099146700025
2011-01-02,-998.9205844848111,-13151.242928102049,12362.167416375412
2011-01-03,9192.712975671344,-3765.583099770554,21913.24265740653
2011-01-04,10696.669998069665,-3499.5443539077187,22477.892138526542
2011-01-05,10156.695555746446,-1585.0827010095145,22674.577172070665
2011-01-06,14052.953720691134,1948.3115398869775,25450.854624305506
2011-01-07,8911.42694420554,-3856.6741537119533,20970.602296842866
2011-01-08,-5879.488925348609,-18115.732733273162,5946.3485861123145
2011-01-09,4777.248118405527,-7422.4444950126535,16620.053429736647
2011-01-10,15234.001855595769,2462.157728672286,26401.61991152541
2011-01-11,16864.97219145648,4869.390726541513,28917.50783616348
2011-01-12,16314.178486522125,4162.880732035261,28613.73992221359
2011-01-13,20065.287392246235,7908.181701629211,32697.12981873463
2011-01-14,14650.243215856093,3092.2786468166764,27297.217387669778
2011-01-15,-532.3540516267967,-13148.027453936578,11872.621206650914
2011-01-16,9626.744962616393,-2819.235118907936,22356.772649729883
2011-01-17,19494.44033718736,7559.839314263919,32068.359539076955
2011-01-18,20461.40711819887,8403.9836005173,32009.58684374451
2011-01-19,19189.641409209376,6754.226319064615,31214.763590314622
2011-01-20,22181.81575279618,10284.714845421602,33882.542361436004
2011-01-21,15989.41466448265,3362.1896366130936,28630.903257417114
2011-01-22,30.608834806947925,-12371.861141574467,12043.556511518778
2011-01-23,9433.749558510612,-2319.8705938487697,21858.7359846211
2011-01-24,18583.888697010738,7190.466530761427,30924.407371459172
2011-01-25,18888.452263238796,6626.083043050162,31324.72540935096
2011-01-26,17024.378373755735,5158.886485844926,29674.88113568192
2011-01-27,19507.117640666096,7450.948390642985,31924.967513702333
2011-01-28,12898.475937563588,1155.9422939780302,24976.345934047305
2011-01-29,-3375.7346464279344,-16185.69447077505,8512.409905496803
2011-01-30,5817.650221882859,-6101.332925140778,17825.094642742253
2011-01-31,14866.055801297745,2878.1729358200773,27196.783245128874
2011-02-01,15175.47349860171,1895.1499193279583,27452.769612055494
2011-02-02,13419.062707360355,529.5285470027601,24657.933085079592
2011-02-03,16105.853548254994,4329.386755982011,28537.211357012293
2011-02-04,9788.820344423966,-2333.4017183017577,22563.727584666474
2011-02-05,-6117.1746235995615,-18078.3286520426,6411.599916976629
2011-02-06,3508.310924867432,-7708.6668272228335,15866.434722683249
2011-02-07,13038.137851754957,95.14816590126131,26059.692635419466
2011-02-08,13863.688475267007,1336.7791283150673,25666.641443294488
2011-02-09,12642.53118509601,-51.23347062665243,24559.981316466303
2011-02-10,15868.029002675743,3364.894451788698,28418.682568687207
2011-02-11,10077.854051629796,-1774.8653472692822,23416.464648168076
2011-02-12,-5327.645798797777,-17564.736148756387,7587.93046720275
2011-02-13,4758.638203736082,-7235.759654388876,17261.57198572169
2011-02-14,14697.766859136847,2865.2984012686115,27236.72532160217
2011-02-15,15871.15850960357,2696.312674975852,27440.725793904534
2011-02-16,14928.498382689986,2576.1148541728026,26994.90536923929
2011-02-17,18357.52779608581,5317.838841148183,30807.998360113088
2011-02-18,12692.670896216589,911.6061161749691,25282.96528911906
2011-02-19,-2666.557094535703,-14727.746121165652,8777.057440062876
2011-02-20,7388.505962507609,-4360.864276240461,19619.936518462786
2011-02-21,17222.761895517688,4966.792717222727,29486.649232332267
2011-02-22,18223.59400712706,6289.634237049718,30257.152847829057
2011-02-23,17052.153632055222,4467.717589436332,28699.458596597386
2011-02-24,20202.07167788165,7652.964973719197,32065.601037568278
2011-02-25,14218.567737169275,1188.4091451971642,26228.305051136922
2011-02-26,-1487.095527316662,-13613.42972260218,10898.1958939278
2011-02-27,8206.067241562823,-3832.3576073740887,20636.766831758043
2011-02-28,17675.469030881046,4666.695953884576,31049.24745623391
2011-03-01,18320.804359383237,6301.385780598143,29883.049050907735
2011-03-02,16811.358751897576,5132.13374135899,28779.18933395388
2011-03-03,19655.168107287267,7252.372675309462,31328.86718706398
2011-03-04,13407.004621274615,78.76625784101923,25365.44145183557
2011-03-05,-2513.847650425034,-15282.754515715042,9676.09113681122
2011-03-06,7019.8571712215125,-4587.784571122919,19519.674270635795
2011-03-07,16389.85819127631,3264.6233001152323,28565.958786010637
2011-03-08,16998.128878425086,4189.410665331492,29667.962160208765
2011-03-09,15514.137350219853,3181.2354518260213,28348.10517187326
2011-03-10,18444.021033384175,6311.260917999338,30735.97163213377
2011-03-11,12338.65135320953,-438.8717815370604,24702.303250759913
2011-03-12,-3388.4513407589384,-15827.826834299649,8164.620081247593
2011-03-13,6382.527497399173,-5798.160979413887,18544.526623233287
2011-03-14,16024.472994069427,3661.929449188029,28111.60046611942
2011-03-15,16929.36894622952,4226.614343976945,29729.415887569005
2011-03-16,15755.878136584914,2622.251471514562,27236.947825611536
2011-03-17,18998.860286322113,6856.6731703197065,30900.111284888586
2011-03-18,13197.792855758711,1421.2190007261759,25439.314893414106
2011-03-19,-2244.3938594121446,-14187.637563860504,9973.165967488596
2011-03-20,7780.992024024956,-4471.706872076837,20378.76708221782
2011-03-21,17637.196702055222,5230.726480330223,29963.350826868922
2011-03-22,18707.788177369206,6679.814890269357,31243.74597694402
2011-03-23,17644.500136578506,5316.341271847878,30410.000461088785
2011-03-24,20936.967892088986,9089.80510468929,32962.090089263824
2011-03-25,15121.315257899532,1567.1125799668034,27622.162124026338
2011-03-26,-401.4629648071732,-13141.210422938906,12934.691587047198
2011-03-27,9478.543389704642,-2995.7252071511543,22604.85671935996
2011-03-28,19127.255161628207,6904.49629629032,31717.604715513477
2011-03-29,19932.861413012983,7402.392638432268,33267.54202062346
2011-03-30,18553.533141742966,6260.096215902084,31088.9007853527
2011-03-31,21486.97486104138,8901.127149110791,34100.11938913956
2011-04-01,15278.778514328962,3579.9334557405505,27752.83852968438
2011-04-02,-659.468586977835,-12999.592860822919,12074.436581872902
2011-04-03,8793.552687281266,-2873.9299308402365,22331.999483555883
2011-04-04,18015.656448680795,6707.780739102945,30976.37193200102
2011-04-05,18407.06280416075,6552.171772196968,30097.251664419236
2011-04-06,16637.76086800138,4913.461260110095,28872.495570972555
2011-04-07,19216.715771150702,6511.081175892207,31878.77507922467
2011-04-08,12699.894216479137,-660.8558022873627,24592.780587231577
2011-04-09,-3491.9301687902644,-15511.580687341504,9806.718008168511
2011-04-10,5770.291576010053,-6879.394344687158,18512.059521760228
2011-04-11,14870.421133232416,2539.471149911756,27033.519450764492
2011-04-12,15217.857238017223,2437.734489277826,28351.616246630954
2011-04-13,13479.804252877208,1403.0554807237684,24683.355212677296
2011-04-14,16165.384099946514,5066.221826661916,28072.221191666587
2011-04-15,9828.664130605079,-2266.3715640983332,22351.470941716296
2011-04-16,-6113.48595817197,-18846.8178585226,5915.138605191117
2011-04-17,3462.1830218682117,-8737.276740608011,15567.596364237912
2011-04-18,12931.999685023724,464.5063437092688,25435.291331316836
2011-04-19,13691.317476825325,2194.4231330506836,26297.31086225018
2011-04-20,12402.008393261556,-503.90671233853755,25205.898316210725
2011-04-21,15561.892913957894,3190.1342111925096,28419.369738578745
2011-04-22,9713.073940572405,-1869.43590233234,22700.7182518321
2011-04-23,-5739.873215656831,-18032.277835031648,6812.864635380359
2011-04-24,4314.01709196266,-8138.5261820494015,16052.214885963864
2011-04-25,14239.139437438496,2433.438711486338,27018.913456254337
2011-04-26,15419.589556240107,3461.634154528957,28317.429594375277
2011-04-27,14506.963761908903,1358.474570235327,26613.34846072412
2011-04-28,17990.064818961262,7058.9635434027505,29748.424947968553
2011-04-29,12403.474357452442,269.85123981563663,24797.552373665225
2011-04-30,-2854.0626898551873,-15273.601081991728,8936.285784175881
2011-05-01,7324.42502120014,-5231.889756106906,19073.73909544857
2011-05-02,17301.265984073325,4086.7755598506055,29786.514427969836
2011-05-03,18460.45498196394,6079.178643511067,30348.528255426074
2011-05-04,17455.433588576994,4888.972047219235,29021.311824294906
2011-05-05,20778.799232132915,8922.681804290072,33337.87403257636
2011-05-06,14970.521108330011,2563.923419355753,26719.618444364296
2011-05-07,-563.6186088115282,-12038.872049118985,12009.207693936092
2011-05-08,9291.745019566257,-3879.6885769625947,21166.926122176268
2011-05-09,18908.438108311726,6805.367201117259,30970.283454721986
2011-05-10,19680.776520770178,7393.092686505617,32108.703395425167
2011-05-11,18273.04595965744,6186.931069175148,29740.422850187293
2011-05-12,21188.82278801341,8540.202056729884,33965.80735442655
2011-05-13,14979.107415952909,2588.2970557799867,27856.390062606457
2011-05-14,-939.7710634601244,-13768.75310301697,10855.32159277042
2011-05-15,8557.401915336115,-4142.5435249952,21708.57532490474
2011-05-16,17851.339170264197,4581.477136460023,29295.435602280064
2011-05-17,18344.04637669841,6213.25957792339,30920.264824414215
2011-05-18,16706.106255164046,4819.263437844179,29191.313613980612
2011-05-19,19445.846762608788,7377.240411138052,31801.696150080683
2011-05-20,13117.368999059383,1775.2679607243713,25976.54608340886
2011-05-21,-2861.6040467556795,-14049.659588064495,9367.901373006986
2011-05-22,6633.8239389722075,-5137.848678539025,19066.796864267137
2011-05-23,15982.380000694317,2736.630585788176,28561.98372738771
2011-05-24,16582.509091286578,4462.232042192043,30447.675206373144
2011-05-25,15099.795349365695,2448.9071670969806,27630.30044994826
2011-05-26,18036.30718838524,5367.902511251103,30827.364208103827
2011-05-27,11938.836073057784,-1083.981464927623,24146.46444894254
2011-05-28,-3783.016666976184,-15614.113720596573,9262.989929970194
2011-05-29,5987.607456000122,-5880.867943914439,17855.04607834117
2011-05-30,15619.836695708946,3544.7184773660047,27430.311363949833
2011-05-31,16503.143462199783,5153.105841134823,28454.276135572953
2011-06-01,15294.395685919646,3676.6353451265136,27507.613144814317
2011-06-02,18487.457338702432,6160.060327783345,31032.077189139633
2011-06-03,12621.662408823295,1656.0850913300856,24807.817838362742
2011-06-04,-2899.890095138777,-15950.02441569968,8986.183620667338
2011-06-05,7033.648375964727,-4676.85150866841,19791.32905925939
2011-06-06,16787.940449882786,4180.326607782971,29686.46447371138
2011-06-07,17749.719380239516,5806.190738328953,29743.007169794197
2011-06-08,16574.531433531665,4424.6282061049,28416.846077590173
2011-06-09,19756.344943917728,7557.389366348384,31401.543685080025
2011-06-10,13835.988897275718,1875.7610777694972,26006.038673982628
2011-06-11,-1780.6295644813708,-15087.608028882241,9954.22007535407
2011-06-12,8021.342861271125,-4240.887939743518,20258.482142244044
2011-06-13,17612.61889970368,5184.656478131144,30437.238293003516
2011-06-14,18385.846485109123,6498.280306049504,30125.32584655949
2011-06-15,17003.147023341688,4977.15490460461,28908.700724249262
2011-06-16,19965.503725857645,7635.727815647233,32923.93892221919
2011-06-17,13820.970071352871,2283.5234602619685,26197.052111530476
2011-06-18,-2017.344818648684,-14785.216685212275,10229.994888538804
2011-06-19,7572.365049205322,-4406.732515940284,19762.700389862766
2011-06-20,16967.301476041146,4679.75197094176,29618.684762626577
2011-06-21,17566.17506027144,5866.770584042286,30654.91826147107
2011-06-22,16035.875769623539,3420.4498584743174,28080.093016305284
2011-06-23,18881.418436034248,5698.812148622293,31337.231314300167
2011-06-24,12653.812571994154,2.0039130634862397,25347.30518911303
2011-06-25,-3232.0214647346584,-15361.829933350387,9143.96993365321
2011-06-26,6346.358185871803,-6078.547205756135,18748.603280429794
2011-06-27,15765.622300311663,4093.757946614383,28400.405549207022
2011-06-28,16422.597764521626,3713.6910552146983,28400.04548316283
2011-06-29,14981.71833661666,2975.1476404431546,27308.527323183833
2011-06-30,17944.388392645833,5125.201368886085,29993.17117684466
2011-07-01,11857.229469924398,-87.91280016878929,23633.233092999268
2011-07-02,-3869.8358810467216,-17295.918238965452,7369.629511373513
2011-07-03,5880.211786331414,-7239.013881105944,17616.825900155374
2011-07-04,15478.392574379568,2868.3507898225616,27177.70542644828
2011-07-05,16315.855167018692,4049.1829125176637,28184.666116347726
2011-07-06,15051.525884114111,3177.852465771621,27739.952653721397
2011-07-07,18181.661578407664,6625.983300861874,30498.492194187813
2011-07-08,12248.26983547961,515.3741766928531,23863.017025180532
2011-07-09,-3342.654812278346,-15405.595153460068,8685.351961866902
2011-07-10,6522.791004110044,-5574.539480117126,19467.087558545893
2011-07-11,16213.418747759848,3826.7064677008034,28877.387650236422
2011-07-12,17119.137775763305,5209.848587039576,28909.20576246868
2011-07-13,15898.630669866057,3982.8886749967355,28026.212981567172
2011-07-14,19048.896043990255,6536.138826879517,31530.643286410563
2011-07-15,13113.623048771962,1084.2189690403686,25604.331929519656
2011-07-16,-2498.6535228057546,-14371.983688057491,9349.167681424013
2011-07-17,7329.257944723147,-4973.16678246655,19228.56418457357
2011-07-18,16970.065778148582,5199.53699828027,30452.527416526773
2011-07-19,17818.023128258283,5984.282409438413,29987.20459509726
2011-07-20,16536.424642631577,3783.7106304473855,28555.833724987093
2011-07-21,19626.959890970815,6862.361357787567,31602.917664986737
2011-07-22,13637.894113674645,1866.070783224475,25943.296018408117
2011-07-23,-2017.9664877866016,-13091.245766692744,9974.103032967547
2011-07-24,7780.354372136762,-3758.8004515667694,18770.132508542345
2011-07-25,17408.698142912424,4313.957622891519,28321.002311855704
2011-07-26,18263.656542347482,6132.942206390772,30499.112671913797
2011-07-27,17009.952667697366,3934.302223935407,28764.47051377379
2011-07-28,20149.710786621497,8345.86767402346,31976.369621844933
2011-07-29,14230.58883398147,1111.1303497940362,26156.9025400902
2011-07-30,-1336.2668603775473,-12895.986812669282,10347.393177642896
2011-07-31,8567.435747508029,-4219.180122273818,20544.174563008273
2011-08-01,18313.896233389383,6419.883837705421,30496.59743311841
2011-08-02,19295.210578425194,6940.800129948899,31447.692131528307
2011-08-03,18170.89030744864,5664.3638762256105,31176.932246047214
2011-08-04,21437.30060536079,8884.83285723566,33738.67380183105
2011-08-05,15635.986401205564,3958.735303637262,28629.91290688572
2011-08-06,171.83998121504555,-13101.757361271462,12465.906778350733
2011-08-07,10156.983778867852,-1834.3006358509776,23000.59992495829
2011-08-08,19957.762992067444,8153.147575551097,33366.469072752334
2011-08-09,20960.963008207236,8228.937076296996,32988.52841567694
2011-08-10,19821.54718707658,7105.806083626015,31323.629780660212
2011-08-11,23032.296216251932,11131.762080229186,35015.38733754701
2011-08-12,17132.310930888256,5291.798194053546,29653.092927579248
2011-08-13,1525.325694675823,-10352.137648084821,13882.894824858082
2011-08-14,11323.700372570744,-1315.1320288390398,23245.16275654669
2011-08-15,20895.480966170548,8740.349733405345,33917.41313073416
2011-08-16,21630.640513955397,8976.737955105693,34815.145738274034
2011-08-17,20188.79375366232,8249.350806538567,32204.317994525816
2011-08-18,23068.76612198974,10552.228717284952,34635.51568113007
2011-08-19,16816.979803281272,3816.6991164005794,28924.512594835785
2011-08-20,845.6062009036759,-11950.894981275205,12524.408038020174
2011-08-21,10276.356553787158,-1881.3038742217834,22795.225022549108
2011-08-22,19487.305786759494,6955.781343646633,31405.87348844358
2011-08-23,19878.867410043513,8081.664166905174,31785.29285766304
2011-08-24,18121.220205516864,6687.525235338881,29618.60449523748
2011-08-25,20723.575341587544,8429.54652985756,33596.55360763325
2011-08-26,14242.255289054478,2389.569394796759,26250.550712421198
2011-08-27,-1901.4570814500184,-14191.283627450171,9760.460872068643
2011-08-28,7422.181587072907,-5002.237195008235,20250.739427883178
2011-08-29,16597.93019637573,4439.52604347189,29493.48394578919
2011-08-30,17031.29947230028,5118.665621058519,29041.188790265332
2011-08-31,15395.777915899896,3432.3882781727984,28008.999901681374
2011-09-01,18201.942822440702,6431.40292538092,30653.255903113546
2011-09-02,12005.43331722012,-757.4175573124456,24192.95115123119
2011-09-03,-3775.2519927542926,-15339.841246756932,8871.157475101903
2011-09-04,5984.750768077853,-5956.854714612336,17470.20279834892
2011-09-05,15663.289754290587,4288.474751588928,28303.774000083224
2011-09-06,16657.055321324966,4469.395247484087,29065.182453097466
2011-09-07,15628.983077620185,3432.9664196728313,28426.204967924106
2011-09-08,19077.59359636355,6595.732396102099,32402.810434644467
2011-09-09,13545.240328450316,1587.7439167399166,25618.70394981326
2011-09-10,-1563.7785021655473,-13759.727238542733,10529.639799047516
2011-09-11,8860.631454442466,-2649.290961749367,21210.110955670287
2011-09-12,19181.347512674583,6084.3787928939,30154.944219169978
2011-09-13,20780.26813962746,8154.977085465976,32286.552844632566
2011-09-14,20306.098396005884,7314.747544260615,32649.925666315532
2011-09-15,24244.063640577566,12315.666784350868,35992.64858429683
2011-09-16,19124.51261972802,7250.933756318571,31320.580560295966
2011-09-17,4341.35570042761,-8213.404604659285,17958.206558694757
2011-09-18,14996.204385748439,2890.5023773097623,27668.418900225384
2011-09-19,25445.599768244534,11303.342757986597,37017.15136232406
2011-09-20,27067.438622150497,14988.569770470169,39534.57768871121
2011-09-21,26508.887300711074,13773.96628451781,38492.85975198166
2011-09-22,30256.16031687989,17463.895291765562,42400.59392944971
2011-09-23,24843.12233073658,11947.067935031931,36711.69165360176
2011-09-24,9669.65872346174,-3494.5017620158737,21797.825562691916
2011-09-25,19845.682168188516,8309.630135627307,32339.12937648771
2011-09-26,29738.165954491407,17869.246863550055,41451.33811451615
2011-09-27,30737.317622955627,17872.637399740346,42999.93666305161
2011-09-28,29504.189563933644,16579.012123356304,40545.7680374682
2011-09-29,32540.111403131195,20767.863917217546,44201.07477481982
2011-09-30,26394.91208589082,14387.712785032727,39035.98303827082
2011-10-01,10484.887018106823,-1732.4049101753455,22993.988131105823
2011-10-02,19936.388561441345,6579.744996311415,32401.660384210085
2011-10-03,29132.441929274883,17004.317509214325,41458.31788170249
2011-10-04,29478.5114178774,17247.60551219994,40625.843810911865
2011-10-05,27649.724767799198,15205.005904722153,40177.08298120744
2011-10-06,30159.951068141057,16859.970222751235,42420.85207284866
2011-10-07,23569.709850400523,11142.438532210715,36915.685047559724
2011-10-08,7303.875331226203,-4792.211216289387,19638.16165876316
2011-10-09,16495.06132047429,3832.9546548966523,28334.486885102873
2011-10-10,25530.09446871087,12710.591112813097,38217.031270714826
2011-10-11,25815.704659199204,14202.82065482051,37835.198302034216
2011-10-12,24025.74233821329,12542.534371005764,36317.6151153468
2011-10-13,26670.318261710094,14461.647118012479,38725.488567950495
2011-10-14,20303.841430363816,8727.50327972556,32588.175047962217
2011-10-15,4342.915405989261,-7715.4794887273265,15840.821237255153
2011-10-16,13909.972972019119,1551.1848152267212,26407.98696742565
2011-10-17,23380.0496270841,11372.877274389364,35551.16285991128
2011-10-18,24146.816100419514,11219.355130782655,36367.194965937546
2011-10-19,22870.169883722338,10139.447866835204,35027.1466256189
2011-10-20,26045.770550883688,14136.111042033035,37944.81099931707
2011-10-21,20213.48333216602,7047.623864825099,32534.10294121533
2011-10-22,4775.679555192382,-7528.6620647218615,17704.481448660023
2011-10-23,14841.262391624019,3124.8888207472646,26378.394637332673
2011-10-24,24772.80726555389,13431.497986201337,36135.43470938632
2011-10-25,25952.92668975815,14251.406862415457,39086.59462021262
2011-10-26,25032.15011537391,12909.805863798874,36871.17355062008
2011-10-27,28498.69544385175,15728.062090432542,40814.02583205298
2011-10-28,22887.090067759043,10947.62025595693,34935.79648806329
2011-10-29,7596.585168410578,-5102.669783089714,19610.242758435717
2011-10-30,17735.228684657137,5005.369415635294,29322.151394445435
2011-10-31,27666.985232027946,16004.219506567524,39622.35908570504
2011-11-01,28778.013645930263,17061.537565320403,41452.25957572116
2011-11-02,27724.395598268413,15238.277010390208,39217.51232646499
2011-11-03,31001.696679074877,19209.84284612086,43650.9129447829
2011-11-04,25153.324292018246,13228.872117907977,37237.17970188412
2011-11-05,9588.634128915885,-2331.442057633707,21910.099840548777
2011-11-06,19426.659995171238,6947.8444820348905,31823.142303437242
2011-11-07,29042.865672284996,16814.29463949664,40867.766078043715
2011-11-08,29835.040643436078,17155.790577695017,42298.66675427252
2011-11-09,28470.64470298569,17336.127759463572,42007.11060187688
2011-11-10,31455.994494337167,19463.529355928073,43143.701265872085
2011-11-11,25344.26771472701,13197.363733418826,38637.500975168354
2011-11-12,9553.287544106206,-3015.044558764709,21031.765530306668
2011-11-13,19208.971944844536,6459.797433138258,31248.22204124581
2011-11-14,28691.85518075546,16671.549825523172,40937.88118146137
2011-11-15,29402.810573867588,16630.778644659556,41281.25987735988
2011-11-16,28010.285024673623,15114.038082429295,39999.54404488827
2011-11-17,31019.44198652974,18221.075817685956,43099.39422863585
2011-11-18,24980.190309414094,12803.764185782718,37406.63261197753
2011-11-19,9305.06115531516,-2591.653214986264,21722.44277859308
2011-11-20,19112.81524961726,6437.989177464005,31546.704088992825
2011-11-21,28775.18346540856,16045.799933644957,41350.026364236895
2011-11-22,29682.863558805548,18433.107043424494,42116.54901269529
2011-11-23,28493.075701894482,17021.556232938456,41311.847135512966
2011-11-24,31699.064170975846,19211.675944438037,43678.45072024059
2011-11-25,25838.512082644527,14039.370527653864,37908.05485531193
2011-11-26,10311.819970116476,-1360.6368015845173,22771.857142785506
2011-11-27,20226.118495979288,7516.105868027188,32862.205131933115
2011-11-28,29942.406118430343,17928.55842060879,42043.27885209813
2011-11-29,30841.922493372476,18319.40650971932,43323.27617665722
2011-11-30,29574.048717627273,16628.990436871645,41202.73222267105
2011-12-01,32626.11106752585,20202.057389289315,45279.12009840946
2011-12-02,26532.04557254466,14611.598102352122,38420.82279001432
2011-12-03,10690.866104609519,-2041.3369558920745,23963.16144684685
2011-12-04,20210.799849975792,8081.937521655514,32019.79889366614
2011-12-05,29456.47643576471,16830.601293194835,40245.11089223184
2011-12-06,29815.278974161243,17035.000029434825,42011.4615171043
2011-12-07,27945.14772687921,15678.333635152983,40524.68555856601
2011-12-08,30344.214780693095,18496.702768154453,41905.024221342326
2011-12-09,23559.230919576905,11365.72813220029,35380.40176011697
2011-12-10,7003.733228603658,-3808.8939159388237,19508.27565083447
2011-12-11,15801.825011482371,3624.5175527092815,26853.28071567721
2011-12-12,24334.963656414824,12407.823885543527,36251.25978663675
2011-12-13,24007.875471851024,12062.649563564974,36344.65788395317
2011-12-14,21495.900048890064,8537.985291674804,34553.489096340854
2011-12-15,23314.155163173215,11117.982116785295,35952.08169068044
2011-12-16,16025.496436443516,3330.968132351893,28255.034466680736
2011-12-17,-941.766625246406,-14119.482520333935,11977.392348239926
2011-12-18,7549.486122592734,-4425.1172688305005,19637.95531441807
2011-12-19,15891.590639685333,3695.3906212617762,27639.927541814093
2011-12-20,15497.68236253225,2459.2820362516277,27182.387566414556
2011-12-21,13048.770600082857,911.1366154161286,24711.15715901545
2011-12-22,15062.702741185425,3279.21928331872,27338.743766426214
2011-12-23,8101.998694492369,-4160.989676303771,20840.69976413259
2011-12-24,-8408.478667420428,-21290.032984002548,3502.5229466460546
2011-12-25,661.8692588555296,-11872.261426569958,12531.031733998912
2011-12-26,9695.899346133418,-2673.676404237906,22338.991951732096
2011-12-27,10094.506606127357,-1568.0770392888812,22307.219501399308
2011-12-28,8523.968957742933,-3999.536013260339,19725.216719884793
2011-12-29,11485.249226413902,-1032.552244359222,23041.685471942266
2011-12-30,5522.226172036475,-6353.588817851301,17709.606105295923
2011-12-31,-9960.189955584905,-21549.119866694164,2599.907598925723
2012-01-01,147.8173459161153,-12488.844119894435,12493.437941972708
2012-01-02,10207.999561070465,-2318.252777239893,22535.15057196341
2012-01-03,11600.340023157802,-224.25983372302875,24077.458190067424
2012-01-04,10970.912764476743,-1165.3122383799298,22807.543225581125
2012-01-05,14801.682008460817,3345.7194754252237,27416.32741384123
2012-01-06,9619.200850965331,-1413.2836295773488,23080.393671837912
2012-01-07,-5186.847829559634,-17038.958282159336,7414.076634745199
2012-01-08,5480.595122282983,-6748.212703715418,17776.247318507496
